static const uint8_t wait_icon[18444] = {
	0xc0, 0x00, 0x00, 0x00, 0x30, 0x00, 0x00, 0x00, 0x80, 0x01, 0x00, 0x00, 0x00, 0x00, 0x00, 0x00, 
	0x00, 0x00, 0x00, 0x00, 0x00, 0x00, 0x00, 0x00, 0x00, 0x00, 0x00, 0x00, 0x00, 0x00, 0x00, 0x00, 
	0x00, 0x00, 0x00, 0x00, 0x00, 0x00, 0x00, 0x00, 0x00, 0x00, 0x00, 0x00, 0x00, 0x00, 0x00, 0x00, 
	0x00, 0x00, 0x00, 0x00, 0x00, 0x00, 0x00, 0x00, 0x00, 0x00, 0x00, 0x00, 0x00, 0x00, 0x00, 0x00, 
	0x00, 0x00, 0x00, 0x00, 0x00, 0x00, 0x00, 0x00, 0x00, 0x00, 0x00, 0x00, 0x00, 0x00, 0x00, 0x00, 
	0x00, 0x00, 0x00, 0x00, 0x00, 0x00, 0x00, 0x00, 0x00, 0x00, 0x00, 0x00, 0x00, 0x00, 0x00, 0x00, 
	0x00, 0x00, 0x00, 0x00, 0x00, 0x00, 0x00, 0x00, 0x00, 0x00, 0x00, 0x00, 0x00, 0x00, 0x00, 0x00, 
	0x00, 0x00, 0x00, 0x00, 0x00, 0x00, 0x00, 0x00, 0x00, 0x00, 0x00, 0x00, 0x00, 0x00, 0x00, 0x00, 
	0x00, 0x00, 0x08, 0x40, 0x41, 0xe3, 0x29, 0x02, 0x00, 0x20, 0x00, 0x00, 0x00, 0x00, 0x00, 0x00, 
	0x00, 0x00, 0x00, 0x00, 0x00, 0x00, 0x00, 0x00, 0x00, 0x00, 0x00, 0x00, 0x00, 0x00, 0x00, 0x00, 
	0x00, 0x00, 0x00, 0x00, 0x00, 0x00, 0x00, 0x00, 0x00, 0x00, 0x00, 0x00, 0x00, 0x00, 0x00, 0x00, 
	0x00, 0x00, 0x00, 0x00, 0x00, 0x00, 0x00, 0x00, 0x00, 0x00, 0x00, 0x00, 0x00, 0x00, 0x00, 0x00, 
	0x00, 0x00, 0x00, 0x00, 0x00, 0x00, 0x00, 0x00, 0x00, 0x00, 0x00, 0x00, 0x00, 0x00, 0x00, 0x00, 
	0x00, 0x00, 0x00, 0x00, 0x00, 0x00, 0x00, 0x00, 0x00, 0x00, 0x00, 0x00, 0x00, 0x00, 0x00, 0x00, 
	0x00, 0x00, 0x00, 0x00, 0x00, 0x00, 0x00, 0x00, 0x00, 0x00, 0x00, 0x00, 0x00, 0x00, 0x00, 0x00, 
	0x00, 0x00, 0x00, 0x00, 0x00, 0x00, 0x00, 0x00, 0x00, 0x00, 0x00, 0x00, 0x00, 0x00, 0x00, 0x00, 
	0x00, 0x00, 0x00, 0x00, 0x00, 0x00, 0x00, 0x00, 0x00, 0x00, 0x00, 0x00, 0x00, 0x00, 0x00, 0x00, 
	0x00, 0x00, 0x00, 0x00, 0x00, 0x00, 0x00, 0x00, 0x00, 0x00, 0x00, 0x00, 0x00, 0x00, 0x00, 0x00, 
	0x00, 0x00, 0x00, 0x00, 0x00, 0x00, 0x00, 0x00, 0x00, 0x00, 0x00, 0x00, 0x00, 0x00, 0x00, 0x00, 
	0x00, 0x00, 0x00, 0x00, 0x00, 0x00, 0x00, 0x00, 0x00, 0x00, 0x00, 0x00, 0x00, 0x00, 0x00, 0x00, 
	0x00, 0x00, 0x00, 0x20, 0x31, 0x47, 0x20, 0xc4, 0x00, 0x20, 0x00, 0x00, 0x00, 0x00, 0x00, 0x00, 
	0x00, 0x00, 0x00, 0x00, 0x00, 0x00, 0x00, 0x00, 0x00, 0x00, 0x00, 0x00, 0x00, 0x00, 0x00, 0x00, 
	0x00, 0x00, 0x00, 0x00, 0x00, 0x00, 0x00, 0x00, 0x00, 0x00, 0x00, 0x00, 0x00, 0x00, 0x00, 0x00, 
	0x00, 0x00, 0x00, 0x00, 0x00, 0x00, 0x00, 0x00, 0x00, 0x00, 0x00, 0x00, 0x00, 0x00, 0x00, 0x00, 
	0x00, 0x00, 0x00, 0x00, 0x00, 0x00, 0x00, 0x00, 0x00, 0x00, 0x00, 0x00, 0x00, 0x00, 0x00, 0x00, 
	0x00, 0x00, 0x00, 0x00, 0x00, 0x00, 0x00, 0x00, 0x00, 0x00, 0x00, 0x00, 0x00, 0x00, 0x00, 0x00, 
	0x00, 0x00, 0x72, 0x27, 0x72, 0x27, 0x51, 0x65, 0x30, 0xe3, 0x18, 0x61, 0x00, 0x00, 0x00, 0x00, 
	0x00, 0x00, 0x00, 0x00, 0x00, 0x00, 0x00, 0x00, 0x00, 0x00, 0x00, 0x00, 0x00, 0x00, 0x00, 0x00, 
	0x00, 0x00, 0x00, 0x00, 0x00, 0x00, 0x00, 0x00, 0x00, 0x00, 0x00, 0x00, 0x00, 0x00, 0x00, 0x00, 
	0x00, 0x00, 0x00, 0x00, 0x00, 0x00, 0x00, 0x00, 0x00, 0x00, 0x00, 0x00, 0x00, 0x00, 0x00, 0x00, 
	0x00, 0x00, 0x00, 0x00, 0x00, 0x00, 0x00, 0x00, 0x00, 0x00, 0x00, 0x00, 0x00, 0x00, 0x00, 0x00, 
	0x00, 0x00, 0x00, 0x00, 0x00, 0x00, 0x00, 0x00, 0x00, 0x00, 0x00, 0x00, 0x00, 0x00, 0x00, 0x00, 
	0x00, 0x00, 0x18, 0xa1, 0xee, 0x2b, 0xee, 0x4b, 0xcd, 0x4a, 0x9c, 0x27, 0x6a, 0xc5, 0x39, 0x82, 
	0x08, 0x60, 0x00, 0x00, 0x00, 0x00, 0x00, 0x00, 0x00, 0x00, 0x00, 0x00, 0x00, 0x00, 0x00, 0x00, 
	0x00, 0x00, 0x00, 0x00, 0x00, 0x00, 0x00, 0x00, 0x00, 0x00, 0x00, 0x00, 0x00, 0x00, 0x00, 0x00, 
	0x00, 0x00, 0x00, 0x00, 0x00, 0x00, 0x00, 0x00, 0x00, 0x00, 0x00, 0x00, 0x00, 0x00, 0x00, 0x00, 
	0x00, 0x00, 0x00, 0x00, 0x00, 0x00, 0x00, 0x00, 0x00, 0x00, 0x00, 0x00, 0x00, 0x00, 0x00, 0x00, 
	0x00, 0x00, 0x00, 0x00, 0x00, 0x00, 0x00, 0x00, 0x00, 0x00, 0x00, 0x00, 0x00, 0x00, 0x00, 0x00, 
	0x00, 0x00, 0x00, 0x00, 0x42, 0xec, 0x64, 0x51, 0x4b, 0x2d, 0x32, 0x6a, 0x21, 0xa6, 0x10, 0xe4, 
	0x08, 0x61, 0x00, 0x00, 0x00, 0x00, 0x00, 0x00, 0x00, 0x00, 0x00, 0x00, 0x00, 0x00, 0x00, 0x00, 
	0x00, 0x00, 0x00, 0x00, 0x00, 0x00, 0x00, 0x00, 0x00, 0x00, 0x00, 0x00, 0x00, 0x00, 0x00, 0x00, 
	0x00, 0x00, 0x00, 0x00, 0x00, 0x00, 0x00, 0x00, 0x00, 0x00, 0x00, 0x00, 0x00, 0x00, 0x00, 0x00, 
	0x00, 0x00, 0x00, 0x00, 0x00, 0x00, 0x00, 0x00, 0x00, 0x00, 0x00, 0x00, 0x00, 0x00, 0x00, 0x00, 
	0x00, 0x00, 0x00, 0x00, 0x00, 0x00, 0x00, 0x00, 0x00, 0x00, 0x00, 0x00, 0x00, 0x00, 0x00, 0x00, 
	0x00, 0x00, 0x08, 0x41, 0xac, 0x77, 0xb4, 0xb9, 0x9b, 0xf5, 0x73, 0x10, 0x4a, 0x0b, 0x21, 0x05, 
	0x08, 0x21, 0x00, 0x00, 0x00, 0x00, 0x00, 0x00, 0x00, 0x00, 0x00, 0x00, 0x00, 0x00, 0x00, 0x00, 
	0x00, 0x00, 0x00, 0x00, 0x00, 0x00, 0x00, 0x00, 0x00, 0x00, 0x00, 0x00, 0x00, 0x00, 0x00, 0x00, 
	0x00, 0x00, 0x00, 0x00, 0x00, 0x00, 0x00, 0x00, 0x00, 0x00, 0x00, 0x00, 0x00, 0x00, 0x00, 0x00, 
	0x00, 0x00, 0x00, 0x00, 0x00, 0x00, 0x00, 0x00, 0x00, 0x00, 0x00, 0x00, 0x00, 0x00, 0x00, 0x00, 
	0x00, 0x00, 0x00, 0x00, 0x00, 0x00, 0x00, 0x00, 0x00, 0x00, 0x00, 0x00, 0x00, 0x00, 0x00, 0x00, 
	0x00, 0x00, 0xa2, 0xea, 0xec, 0x4f, 0xd3, 0xee, 0xcb, 0xcd, 0xbb, 0x8d, 0xab, 0x2b, 0x92, 0xc9, 
	0x7a, 0x28, 0x59, 0xa6, 0x39, 0x04, 0x20, 0x82, 0x08, 0x20, 0x00, 0x00, 0x00, 0x00, 0x00, 0x00, 
	0x10, 0x83, 0x20, 0xe4, 0x00, 0x21, 0x00, 0x00, 0x00, 0x00, 0x00, 0x00, 0x00, 0x00, 0x00, 0x00, 
	0x00, 0x00, 0x00, 0x00, 0x00, 0x00, 0x00, 0x00, 0x00, 0x00, 0x00, 0x00, 0x00, 0x00, 0x00, 0x00, 
	0x00, 0x00, 0x00, 0x00, 0x00, 0x00, 0x00, 0x00, 0x00, 0x00, 0x00, 0x00, 0x00, 0x00, 0x00, 0x00, 
	0x00, 0x00, 0x00, 0x00, 0x00, 0x00, 0x00, 0x00, 0x00, 0x00, 0x00, 0x00, 0x00, 0x00, 0x00, 0x00, 
	0x00, 0x00, 0x00, 0x00, 0x52, 0x44, 0xee, 0x4b, 0xe6, 0x0b, 0xee, 0x2b, 0xee, 0x4b, 0xe6, 0x2b, 
	0xcd, 0x69, 0xa4, 0x68, 0x73, 0x05, 0x39, 0xa3, 0x10, 0x81, 0x00, 0x00, 0x00, 0x00, 0x00, 0x00, 
	0x00, 0x00, 0x41, 0x24, 0x30, 0xe3, 0x08, 0x20, 0x00, 0x00, 0x00, 0x00, 0x00, 0x00, 0x00, 0x00, 
	0x00, 0x00, 0x00, 0x00, 0x00, 0x00, 0x00, 0x00, 0x00, 0x00, 0x00, 0x00, 0x00, 0x00, 0x00, 0x00, 
	0x00, 0x00, 0x00, 0x00, 0x00, 0x00, 0x00, 0x00, 0x00, 0x00, 0x00, 0x00, 0x00, 0x00, 0x00, 0x00, 
	0x00, 0x00, 0x00, 0x00, 0x00, 0x00, 0x00, 0x00, 0x00, 0x00, 0x00, 0x00, 0x00, 0x00, 0x00, 0x00, 
	0x00, 0x00, 0x00, 0x00, 0x42, 0xec, 0x9e, 0xdc, 0x96, 0x5a, 0x96, 0x3a, 0x8e, 0x19, 0x8d, 0xd8, 
	0x7d, 0x76, 0x6c, 0xd4, 0x64, 0x31, 0x53, 0x6e, 0x3a, 0xab, 0x29, 0xe8, 0x10, 0xe3, 0x00, 0x00, 
	0x00, 0x00, 0x10, 0x81, 0x08, 0x60, 0x00, 0x00, 0x00, 0x00, 0x00, 0x00, 0x00, 0x00, 0x00, 0x00, 
	0x00, 0x00, 0x00, 0x00, 0x00, 0x00, 0x00, 0x00, 0x00, 0x00, 0x00, 0x00, 0x00, 0x00, 0x00, 0x00, 
	0x00, 0x00, 0x00, 0x00, 0x00, 0x00, 0x00, 0x00, 0x00, 0x00, 0x00, 0x00, 0x00, 0x00, 0x00, 0x00, 
	0x00, 0x00, 0x00, 0x00, 0x00, 0x00, 0x00, 0x00, 0x00, 0x00, 0x00, 0x00, 0x00, 0x00, 0x00, 0x00, 
	0x00, 0x00, 0x00, 0x00, 0x41, 0xc9, 0xb4, 0xb9, 0xac, 0x78, 0xb4, 0x98, 0xb4, 0xb9, 0xac, 0x98, 
	0x9b, 0xf5, 0x73, 0x10, 0x4a, 0x0b, 0x21, 0x05, 0x08, 0x21, 0x00, 0x00, 0x00, 0x00, 0x00, 0x00, 
	0x00, 0x21, 0x08, 0x41, 0x00, 0x00, 0x00, 0x00, 0x00, 0x00, 0x00, 0x00, 0x00, 0x00, 0x00, 0x00, 
	0x00, 0x00, 0x00, 0x00, 0x00, 0x00, 0x00, 0x00, 0x00, 0x00, 0x00, 0x00, 0x00, 0x00, 0x00, 0x00, 
	0x00, 0x00, 0x00, 0x00, 0x00, 0x00, 0x00, 0x00, 0x00, 0x00, 0x00, 0x00, 0x00, 0x00, 0x00, 0x00, 
	0x00, 0x00, 0x00, 0x00, 0x00, 0x00, 0x00, 0x00, 0x00, 0x00, 0x00, 0x00, 0x00, 0x00, 0x00, 0x00, 
	0x00, 0x00, 0x10, 0x41, 0xb3, 0x2b, 0xd3, 0xee, 0xc3, 0xad, 0xcb, 0xad, 0xcb, 0xcd, 0xd3, 0xee, 
	0xd3, 0xee, 0xd3, 0xee, 0xd3, 0xee, 0xc3, 0xad, 0xb3, 0x4c, 0xab, 0x2b, 0x49, 0x65, 0x00, 0x00, 
	0x62, 0x8e, 0xb4, 0xd9, 0x93, 0xd5, 0x73, 0x10, 0x41, 0xa9, 0x08, 0x62, 0x00, 0x00, 0x00, 0x00, 
	0x00, 0x00, 0x00, 0x00, 0x00, 0x00, 0x00, 0x00, 0x00, 0x00, 0x00, 0x00, 0x00, 0x00, 0x00, 0x00, 
	0x00, 0x00, 0x00, 0x00, 0x00, 0x00, 0x00, 0x00, 0x00, 0x00, 0x00, 0x00, 0x00, 0x00, 0x00, 0x00, 
	0x00, 0x00, 0x00, 0x00, 0x00, 0x00, 0x00, 0x00, 0x00, 0x00, 0x00, 0x00, 0x00, 0x00, 0x00, 0x00, 
	0x00, 0x00, 0x00, 0x00, 0x00, 0x00, 0x7b, 0x46, 0xee, 0x2b, 0xdd, 0xca, 0xdd, 0xca, 0xdd, 0xca, 
	0xe5, 0xeb, 0xee, 0x2b, 0xee, 0x4b, 0xee, 0x2b, 0xd5, 0x8a, 0xb4, 0xc8, 0x5a, 0x44, 0x00, 0x00, 
	0x08, 0x20, 0xc3, 0x8c, 0xd3, 0xee, 0xb3, 0x4c, 0x82, 0x69, 0x41, 0x24, 0x00, 0x20, 0x00, 0x00, 
	0x00, 0x00, 0x00, 0x00, 0x00, 0x00, 0x00, 0x00, 0x00, 0x00, 0x00, 0x00, 0x00, 0x00, 0x00, 0x00, 
	0x00, 0x00, 0x00, 0x00, 0x00, 0x00, 0x00, 0x00, 0x00, 0x00, 0x00, 0x00, 0x00, 0x00, 0x00, 0x00, 
	0x00, 0x00, 0x00, 0x00, 0x00, 0x00, 0x00, 0x00, 0x00, 0x00, 0x00, 0x00, 0x00, 0x00, 0x00, 0x00, 
	0x00, 0x00, 0x00, 0x00, 0x00, 0x00, 0x4b, 0x4d, 0x96, 0x3a, 0x85, 0xd8, 0x85, 0xd8, 0x8d, 0xd8, 
	0x8d, 0xf9, 0x8e, 0x19, 0x96, 0x3a, 0x96, 0x5a, 0x96, 0x5a, 0x9e, 0x9b, 0x74, 0xd4, 0x00, 0x00, 
	0x00, 0x00, 0xa4, 0x48, 0xdd, 0xaa, 0xa4, 0x48, 0x6a, 0xc5, 0x20, 0xe1, 0x00, 0x00, 0x00, 0x00, 
	0x00, 0x00, 0x00, 0x00, 0x00, 0x00, 0x00, 0x00, 0x00, 0x00, 0x00, 0x00, 0x00, 0x00, 0x00, 0x00, 
	0x00, 0x00, 0x00, 0x00, 0x00, 0x00, 0x00, 0x00, 0x00, 0x00, 0x00, 0x00, 0x00, 0x00, 0x00, 0x00, 
	0x00, 0x00, 0x00, 0x00, 0x00, 0x00, 0x00, 0x00, 0x00, 0x00, 0x00, 0x00, 0x00, 0x00, 0x00, 0x00, 
	0x00, 0x00, 0x00, 0x00, 0x00, 0x00, 0x72, 0xf0, 0xb4, 0xb9, 0xa4, 0x57, 0xa4, 0x57, 0xa4, 0x57, 
	0xac, 0x78, 0xb4, 0x98, 0xb4, 0xb9, 0xac, 0x98, 0x9b, 0xf5, 0x7b, 0x31, 0x41, 0xc9, 0x00, 0x00, 
	0x32, 0x29, 0x85, 0xb7, 0x64, 0x72, 0x43, 0x0c, 0x19, 0x45, 0x00, 0x00, 0x00, 0x00, 0x00, 0x00, 
	0x00, 0x00, 0x00, 0x00, 0x00, 0x00, 0x00, 0x00, 0x00, 0x00, 0x00, 0x00, 0x00, 0x00, 0x00, 0x00, 
	0x00, 0x00, 0x00, 0x00, 0x00, 0x00, 0x00, 0x00, 0x00, 0x00, 0x00, 0x00, 0x00, 0x00, 0x00, 0x00, 
	0x00, 0x00, 0x00, 0x00, 0x00, 0x00, 0x00, 0x00, 0x00, 0x00, 0x00, 0x00, 0x00, 0x00, 0x00, 0x00, 
	0x00, 0x00, 0x00, 0x00, 0x18, 0x61, 0xb3, 0x6c, 0xcb, 0xcd, 0xc3, 0xad, 0xc3, 0xad, 0xc3, 0xad, 
	0xc3, 0xad, 0xc3, 0xad, 0xc3, 0xad, 0xcb, 0xad, 0xd3, 0xee, 0xdc, 0x0e, 0x49, 0x64, 0x00, 0x00, 
	0x73, 0x10, 0xb4, 0xb9, 0xac, 0x78, 0xb4, 0xb9, 0xb4, 0xb9, 0x9c, 0x36, 0x62, 0x8e, 0x18, 0xa3, 
	0x00, 0x00, 0x00, 0x00, 0x00, 0x00, 0x00, 0x00, 0x00, 0x00, 0x00, 0x00, 0x00, 0x00, 0x00, 0x00, 
	0x00, 0x00, 0x00, 0x00, 0x00, 0x00, 0x00, 0x00, 0x00, 0x00, 0x00, 0x00, 0x00, 0x00, 0x00, 0x00, 
	0x00, 0x00, 0x00, 0x00, 0x00, 0x00, 0x00, 0x00, 0x00, 0x00, 0x00, 0x00, 0x00, 0x00, 0x00, 0x00, 
	0x00, 0x00, 0x00, 0x00, 0x00, 0x00, 0x08, 0x60, 0xbd, 0x09, 0xe6, 0x0b, 0xdd, 0xca, 0xdd, 0xca, 
	0xdd, 0xca, 0xdd, 0xca, 0xdd, 0xca, 0xdd, 0xca, 0xe5, 0xeb, 0xfe, 0xcc, 0x73, 0x05, 0x00, 0x00, 
	0x18, 0x82, 0xc3, 0xad, 0xcb, 0xad, 0xcb, 0xcd, 0xd3, 0xee, 0xd3, 0xee, 0xab, 0x4b, 0x59, 0xa6, 
	0x08, 0x20, 0x00, 0x00, 0x00, 0x00, 0x00, 0x00, 0x00, 0x00, 0x00, 0x00, 0x00, 0x00, 0x00, 0x00, 
	0x00, 0x00, 0x00, 0x00, 0x00, 0x00, 0x00, 0x00, 0x00, 0x00, 0x00, 0x00, 0x00, 0x00, 0x00, 0x00, 
	0x00, 0x00, 0x00, 0x00, 0x00, 0x00, 0x00, 0x00, 0x00, 0x00, 0x00, 0x00, 0x00, 0x00, 0x00, 0x00, 
	0x00, 0x00, 0x00, 0x00, 0x00, 0x00, 0x00, 0x00, 0x5c, 0x10, 0x8e, 0x39, 0x85, 0xd8, 0x85, 0xd8, 
	0x85, 0xd8, 0x85, 0xd8, 0x85, 0xd8, 0x85, 0xd8, 0x8d, 0xf9, 0x8d, 0xf8, 0x21, 0xa6, 0x00, 0x00, 
	0x00, 0x00, 0xbc, 0xe9, 0xee, 0x2b, 0xee, 0x2b, 0xee, 0x4b, 0xdd, 0xea, 0xa4, 0x48, 0x41, 0xc3, 
	0x00, 0x00, 0x00, 0x00, 0x00, 0x00, 0x00, 0x00, 0x00, 0x00, 0x00, 0x00, 0x00, 0x00, 0x00, 0x00, 
	0x00, 0x00, 0x00, 0x00, 0x00, 0x00, 0x00, 0x00, 0x00, 0x00, 0x00, 0x00, 0x00, 0x00, 0x00, 0x00, 
	0x00, 0x00, 0x00, 0x00, 0x00, 0x00, 0x00, 0x00, 0x00, 0x00, 0x00, 0x00, 0x00, 0x00, 0x00, 0x00, 
	0x00, 0x00, 0x00, 0x00, 0x00, 0x00, 0x08, 0x41, 0x93, 0xd4, 0xac, 0x78, 0xa4, 0x57, 0xa4, 0x57, 
	0xa4, 0x57, 0xa4, 0x57, 0xa4, 0x57, 0xa4, 0x57, 0xac, 0x78, 0xc5, 0x1b, 0x83, 0x93, 0x00, 0x00, 
	0x42, 0xec, 0x96, 0x7b, 0x8e, 0x39, 0x96, 0x5a, 0x8e, 0x19, 0x74, 0xf4, 0x3a, 0x8b, 0x08, 0x41, 
	0x00, 0x00, 0x00, 0x00, 0x00, 0x00, 0x00, 0x00, 0x00, 0x00, 0x00, 0x00, 0x00, 0x00, 0x00, 0x00, 
	0x00, 0x00, 0x00, 0x00, 0x00, 0x00, 0x00, 0x00, 0x00, 0x00, 0x00, 0x00, 0x00, 0x00, 0x00, 0x00, 
	0x00, 0x00, 0x00, 0x00, 0x00, 0x00, 0x00, 0x00, 0x00, 0x00, 0x00, 0x00, 0x00, 0x00, 0x00, 0x00, 
	0x00, 0x00, 0x00, 0x00, 0x28, 0xc2, 0xab, 0x2b, 0xcb, 0xcd, 0xc3, 0xad, 0xc3, 0xad, 0xc3, 0xad, 
	0xc3, 0xad, 0xc3, 0xad, 0xc3, 0xad, 0xcb, 0xcd, 0xcb, 0xad, 0x41, 0x24, 0x00, 0x00, 0x00, 0x00, 
	0x8b, 0x93, 0xbc, 0xda, 0xb4, 0xb9, 0xac, 0x98, 0xa4, 0x57, 0xac, 0x77, 0xb4, 0xb9, 0xa4, 0x57, 
	0x5a, 0x6d, 0x08, 0x41, 0x00, 0x00, 0x00, 0x00, 0x00, 0x00, 0x00, 0x00, 0x00, 0x00, 0x00, 0x00, 
	0x00, 0x00, 0x00, 0x00, 0x00, 0x00, 0x00, 0x00, 0x00, 0x00, 0x00, 0x00, 0x00, 0x00, 0x00, 0x00, 
	0x00, 0x00, 0x00, 0x00, 0x00, 0x00, 0x00, 0x00, 0x00, 0x00, 0x00, 0x00, 0x00, 0x00, 0x00, 0x00, 
	0x00, 0x00, 0x00, 0x00, 0x39, 0x82, 0xb4, 0xc9, 0xdd, 0xeb, 0xdd, 0xca, 0xdd, 0xca, 0xdd, 0xca, 
	0xdd, 0xca, 0xdd, 0xca, 0xdd, 0xca, 0xdd, 0xca, 0xf6, 0x6b, 0x7b, 0x46, 0x00, 0x00, 0x00, 0x00, 
	0x28, 0xc3, 0xcb, 0xad, 0xd3, 0xee, 0xd3, 0xee, 0xcb, 0xcd, 0xc3, 0xad, 0xcb, 0xcd, 0xdc, 0x0e, 
	0xab, 0x2b, 0x41, 0x24, 0x00, 0x00, 0x00, 0x00, 0x00, 0x00, 0x00, 0x00, 0x00, 0x00, 0x00, 0x00, 
	0x00, 0x00, 0x00, 0x00, 0x00, 0x00, 0x00, 0x00, 0x00, 0x00, 0x00, 0x00, 0x00, 0x00, 0x00, 0x00, 
	0x00, 0x00, 0x00, 0x00, 0x00, 0x00, 0x00, 0x00, 0x00, 0x00, 0x00, 0x00, 0x00, 0x00, 0x00, 0x00, 
	0x00, 0x00, 0x00, 0x00, 0x00, 0x00, 0x42, 0xcb, 0x7d, 0x56, 0x8d, 0xf8, 0x85, 0xd8, 0x85, 0xd8, 
	0x85, 0xd8, 0x85, 0xd8, 0x85, 0xd8, 0x8d, 0xd8, 0x96, 0x3a, 0x32, 0x29, 0x00, 0x00, 0x00, 0x00, 
	0x10, 0x81, 0xdd, 0xeb, 0xf6, 0x6c, 0xe6, 0x2b, 0xdd, 0xeb, 0xdd, 0xeb, 0xee, 0x2b, 0xee, 0x2b, 
	0xa4, 0x68, 0x29, 0x42, 0x00, 0x00, 0x00, 0x00, 0x00, 0x00, 0x00, 0x00, 0x00, 0x00, 0x00, 0x00, 
	0x00, 0x00, 0x00, 0x00, 0x00, 0x00, 0x00, 0x00, 0x00, 0x00, 0x00, 0x00, 0x00, 0x00, 0x00, 0x00, 
	0x00, 0x00, 0x00, 0x00, 0x00, 0x00, 0x00, 0x00, 0x00, 0x00, 0x00, 0x00, 0x00, 0x00, 0x00, 0x00, 
	0x00, 0x00, 0x00, 0x00, 0x00, 0x00, 0x41, 0xea, 0x9b, 0xf5, 0xac, 0x77, 0xa4, 0x57, 0xa4, 0x57, 
	0xa4, 0x57, 0xa4, 0x57, 0xa4, 0x57, 0xa4, 0x57, 0xb4, 0xb9, 0x8b, 0xb4, 0x08, 0x41, 0x00, 0x00, 
	0x5c, 0x10, 0x9e, 0xbc, 0x96, 0x39, 0x8d, 0xf8, 0x8d, 0xd8, 0x8e, 0x19, 0x96, 0x5a, 0x7d, 0x56, 
	0x3a, 0x6a, 0x00, 0x00, 0x00, 0x00, 0x00, 0x00, 0x00, 0x00, 0x00, 0x00, 0x00, 0x00, 0x00, 0x00, 
	0x00, 0x00, 0x00, 0x00, 0x00, 0x00, 0x00, 0x00, 0x00, 0x00, 0x00, 0x00, 0x00, 0x00, 0x00, 0x00, 
	0x00, 0x00, 0x00, 0x00, 0x00, 0x00, 0x00, 0x00, 0x00, 0x00, 0x00, 0x00, 0x00, 0x00, 0x00, 0x00, 
	0x00, 0x00, 0x6a, 0x07, 0xcb, 0xcd, 0xcb, 0xcd, 0xc3, 0xad, 0xc3, 0xad, 0xc3, 0xad, 0xc3, 0xad, 
	0xc3, 0xad, 0xc3, 0xad, 0xd3, 0xcd, 0xc3, 0x8d, 0x31, 0x03, 0x00, 0x00, 0x00, 0x00, 0x00, 0x00, 
	0x18, 0xa3, 0x39, 0x67, 0x5a, 0x8d, 0x8b, 0xb3, 0xac, 0x98, 0xb4, 0xb9, 0xa4, 0x57, 0xac, 0x77, 
	0xb4, 0xb9, 0x93, 0xd4, 0x29, 0x26, 0x00, 0x00, 0x00, 0x00, 0x00, 0x00, 0x00, 0x00, 0x00, 0x00, 
	0x00, 0x00, 0x00, 0x00, 0x00, 0x00, 0x00, 0x00, 0x00, 0x00, 0x00, 0x00, 0x00, 0x00, 0x00, 0x00, 
	0x00, 0x00, 0x00, 0x00, 0x00, 0x00, 0x00, 0x00, 0x00, 0x00, 0x00, 0x00, 0x00, 0x00, 0x00, 0x00, 
	0x00, 0x00, 0x7b, 0x46, 0xee, 0x2b, 0xee, 0x2b, 0xdd, 0xca, 0xdd, 0xca, 0xdd, 0xca, 0xdd, 0xca, 
	0xdd, 0xca, 0xdd, 0xca, 0xdd, 0xca, 0xf6, 0x6b, 0x83, 0x66, 0x00, 0x00, 0x00, 0x00, 0x00, 0x00, 
	0x00, 0x00, 0x10, 0x61, 0x39, 0x04, 0x72, 0x27, 0xb3, 0x4c, 0xd3, 0xee, 0xcb, 0xcd, 0xc3, 0xad, 
	0xcb, 0xcd, 0xd3, 0xee, 0x7a, 0x48, 0x08, 0x20, 0x00, 0x00, 0x00, 0x00, 0x00, 0x00, 0x00, 0x00, 
	0x00, 0x00, 0x00, 0x00, 0x00, 0x00, 0x00, 0x00, 0x00, 0x00, 0x00, 0x00, 0x00, 0x00, 0x00, 0x00, 
	0x00, 0x00, 0x00, 0x00, 0x00, 0x00, 0x00, 0x00, 0x00, 0x00, 0x00, 0x00, 0x00, 0x00, 0x00, 0x00, 
	0x00, 0x00, 0x19, 0x25, 0x6c, 0xd4, 0x96, 0x5a, 0x8d, 0xf9, 0x85, 0xd8, 0x85, 0xd8, 0x85, 0xd8, 
	0x85, 0xd8, 0x85, 0xd8, 0x85, 0xd8, 0x96, 0x5a, 0x42, 0xec, 0x00, 0x00, 0x00, 0x00, 0x00, 0x00, 
	0x08, 0x20, 0x41, 0xc3, 0x73, 0x25, 0xac, 0x88, 0xdd, 0xeb, 0xee, 0x4b, 0xe5, 0xeb, 0xdd, 0xca, 
	0xee, 0x4b, 0xdd, 0xeb, 0x73, 0x05, 0x00, 0x00, 0x00, 0x00, 0x00, 0x00, 0x00, 0x00, 0x00, 0x00, 
	0x00, 0x00, 0x00, 0x00, 0x00, 0x00, 0x00, 0x00, 0x00, 0x00, 0x00, 0x00, 0x00, 0x00, 0x00, 0x00, 
	0x00, 0x00, 0x00, 0x00, 0x00, 0x00, 0x00, 0x00, 0x00, 0x00, 0x00, 0x00, 0x00, 0x00, 0x00, 0x00, 
	0x00, 0x00, 0x20, 0xc4, 0x8b, 0x93, 0xb4, 0xb9, 0xac, 0x77, 0xa4, 0x57, 0xa4, 0x57, 0xa4, 0x57, 
	0xa4, 0x57, 0xa4, 0x57, 0xa4, 0x57, 0xb4, 0xb9, 0x93, 0xd4, 0x10, 0x62, 0x00, 0x00, 0x00, 0x00, 
	0x21, 0x66, 0x43, 0x0c, 0x64, 0x31, 0x7d, 0x97, 0x96, 0x5a, 0x8e, 0x19, 0x85, 0xd8, 0x8e, 0x19, 
	0x96, 0x5a, 0x6c, 0xb3, 0x10, 0xe4, 0x00, 0x00, 0x00, 0x00, 0x00, 0x00, 0x00, 0x00, 0x00, 0x00, 
	0x00, 0x00, 0x00, 0x00, 0x00, 0x00, 0x00, 0x00, 0x00, 0x00, 0x00, 0x00, 0x00, 0x00, 0x00, 0x00, 
	0x00, 0x00, 0x00, 0x00, 0x00, 0x00, 0x00, 0x00, 0x00, 0x00, 0x00, 0x00, 0x00, 0x00, 0x10, 0x41, 
	0x9a, 0xea, 0xdc, 0x0e, 0xcb, 0xad, 0xcb, 0xad, 0xcb, 0xcd, 0xc3, 0xad, 0xc3, 0xad, 0xc3, 0xad, 
	0xc3, 0xad, 0xd3, 0xee, 0xbb, 0x8c, 0x28, 0xc3, 0x00, 0x00, 0x00, 0x00, 0x00, 0x00, 0x00, 0x00, 
	0x00, 0x00, 0x00, 0x00, 0x00, 0x00, 0x00, 0x00, 0x29, 0x26, 0x73, 0x10, 0xac, 0x98, 0xac, 0x98, 
	0xa4, 0x57, 0xac, 0x98, 0xac, 0x98, 0x49, 0xea, 0x00, 0x00, 0x00, 0x00, 0x00, 0x00, 0x00, 0x00, 
	0x00, 0x00, 0x00, 0x00, 0x00, 0x00, 0x00, 0x00, 0x00, 0x00, 0x00, 0x00, 0x00, 0x00, 0x00, 0x00, 
	0x00, 0x00, 0x00, 0x00, 0x00, 0x00, 0x00, 0x00, 0x00, 0x00, 0x00, 0x00, 0x00, 0x00, 0x10, 0x60, 
	0xa4, 0x68, 0xf6, 0x6c, 0xdd, 0xeb, 0xdd, 0xeb, 0xee, 0x2b, 0xdd, 0xca, 0xdd, 0xca, 0xdd, 0xca, 
	0xdd, 0xca, 0xdd, 0xca, 0xf6, 0x6b, 0x8b, 0xa6, 0x00, 0x00, 0x00, 0x00, 0x00, 0x00, 0x00, 0x00, 
	0x00, 0x00, 0x00, 0x00, 0x00, 0x00, 0x00, 0x00, 0x00, 0x20, 0x49, 0x65, 0xab, 0x2b, 0xdb, 0xee, 
	0xcb, 0xad, 0xc3, 0xad, 0xdc, 0x0e, 0xa3, 0x0b, 0x10, 0x61, 0x00, 0x00, 0x00, 0x00, 0x00, 0x00, 
	0x00, 0x00, 0x00, 0x00, 0x00, 0x00, 0x00, 0x00, 0x00, 0x00, 0x00, 0x00, 0x00, 0x00, 0x00, 0x00, 
	0x00, 0x00, 0x00, 0x00, 0x00, 0x00, 0x00, 0x00, 0x00, 0x00, 0x00, 0x00, 0x00, 0x00, 0x00, 0x00, 
	0x32, 0x29, 0x8d, 0xd8, 0x96, 0x3a, 0x85, 0xd8, 0x8e, 0x19, 0x8e, 0x19, 0x85, 0xd7, 0x85, 0xd8, 
	0x85, 0xd8, 0x85, 0xd8, 0x96, 0x5a, 0x53, 0xaf, 0x00, 0x00, 0x00, 0x00, 0x00, 0x00, 0x00, 0x00, 
	0x00, 0x00, 0x00, 0x00, 0x00, 0x00, 0x00, 0x00, 0x29, 0x22, 0x83, 0x66, 0xd5, 0x8a, 0xee, 0x4b, 
	0xdd, 0xca, 0xdd, 0xeb, 0xf6, 0x6c, 0xa4, 0x48, 0x08, 0x60, 0x00, 0x00, 0x00, 0x00, 0x00, 0x00, 
	0x00, 0x00, 0x00, 0x00, 0x00, 0x00, 0x00, 0x00, 0x00, 0x00, 0x00, 0x00, 0x00, 0x00, 0x00, 0x00, 
	0x00, 0x00, 0x00, 0x00, 0x00, 0x00, 0x00, 0x00, 0x00, 0x00, 0x00, 0x00, 0x00, 0x00, 0x00, 0x00, 
	0x41, 0xa9, 0xac, 0x58, 0xb4, 0x98, 0xa4, 0x57, 0xac, 0x98, 0xac, 0x78, 0xa4, 0x57, 0xa4, 0x57, 
	0xa4, 0x57, 0xa4, 0x57, 0xac, 0x98, 0x93, 0xf5, 0x10, 0x83, 0x00, 0x00, 0x00, 0x00, 0x00, 0x00, 
	0x00, 0x00, 0x00, 0x00, 0x00, 0x00, 0x08, 0x62, 0x32, 0x49, 0x6c, 0xb4, 0x96, 0x3a, 0x8e, 0x19, 
	0x85, 0xd8, 0x96, 0x3a, 0x85, 0xd8, 0x32, 0x08, 0x00, 0x00, 0x00, 0x00, 0x00, 0x00, 0x00, 0x00, 
	0x00, 0x00, 0x00, 0x00, 0x00, 0x00, 0x00, 0x00, 0x00, 0x00, 0x00, 0x00, 0x00, 0x00, 0x00, 0x00, 
	0x00, 0x00, 0x00, 0x00, 0x00, 0x00, 0x00, 0x00, 0x00, 0x00, 0x00, 0x00, 0x18, 0x81, 0xb3, 0x4b, 
	0xd3, 0xee, 0xc3, 0xad, 0xcb, 0xcd, 0xbb, 0x8d, 0xab, 0x0b, 0xcb, 0xad, 0xc3, 0xad, 0xc3, 0xad, 
	0xd3, 0xee, 0xbb, 0x4c, 0x20, 0xa2, 0x00, 0x00, 0x00, 0x00, 0x00, 0x00, 0x00, 0x00, 0x00, 0x00, 
	0x00, 0x00, 0x00, 0x00, 0x00, 0x00, 0x00, 0x00, 0x00, 0x00, 0x00, 0x00, 0x29, 0x06, 0x83, 0x92, 
	0xb4, 0xb9, 0xa4, 0x57, 0xac, 0x77, 0xb4, 0xb9, 0x5a, 0x4c, 0x00, 0x00, 0x00, 0x00, 0x00, 0x00, 
	0x00, 0x00, 0x00, 0x00, 0x00, 0x00, 0x00, 0x00, 0x00, 0x00, 0x00, 0x00, 0x00, 0x00, 0x00, 0x00, 
	0x00, 0x00, 0x00, 0x00, 0x00, 0x00, 0x00, 0x00, 0x00, 0x00, 0x00, 0x00, 0x10, 0x81, 0xbc, 0xe9, 
	0xee, 0x4b, 0xdd, 0xca, 0xe6, 0x0b, 0xe6, 0x0b, 0x6a, 0xc5, 0x8b, 0xc7, 0xee, 0x2b, 0xdd, 0xca, 
	0xdd, 0xca, 0xf6, 0x6b, 0x93, 0xc7, 0x00, 0x00, 0x00, 0x00, 0x00, 0x00, 0x00, 0x00, 0x00, 0x00, 
	0x00, 0x00, 0x00, 0x00, 0x00, 0x00, 0x00, 0x00, 0x00, 0x00, 0x00, 0x00, 0x00, 0x00, 0x61, 0xc6, 
	0xcb, 0xad, 0xd3, 0xee, 0xc3, 0xad, 0xd3, 0xee, 0xb3, 0x4c, 0x18, 0x81, 0x00, 0x00, 0x00, 0x00, 
	0x00, 0x00, 0x00, 0x00, 0x00, 0x00, 0x00, 0x00, 0x00, 0x00, 0x00, 0x00, 0x00, 0x00, 0x00, 0x00, 
	0x00, 0x00, 0x00, 0x00, 0x00, 0x00, 0x00, 0x00, 0x00, 0x00, 0x00, 0x00, 0x00, 0x00, 0x42, 0xcb, 
	0x96, 0x3a, 0x8d, 0xf9, 0x85, 0xd8, 0x96, 0x5a, 0x74, 0xf4, 0x2a, 0x08, 0x74, 0xf5, 0x8d, 0xf9, 
	0x85, 0xd8, 0x96, 0x5a, 0x64, 0x72, 0x00, 0x00, 0x00, 0x00, 0x00, 0x00, 0x00, 0x00, 0x00, 0x00, 
	0x00, 0x00, 0x00, 0x00, 0x00, 0x00, 0x00, 0x00, 0x00, 0x00, 0x00, 0x00, 0x18, 0xc1, 0x8b, 0xc7, 
	0xee, 0x2b, 0xe6, 0x0b, 0xdd, 0xca, 0xee, 0x4b, 0xbc, 0xe9, 0x10, 0x81, 0x00, 0x00, 0x00, 0x00, 
	0x00, 0x00, 0x00, 0x00, 0x00, 0x00, 0x00, 0x00, 0x00, 0x00, 0x00, 0x00, 0x00, 0x00, 0x00, 0x00, 
	0x00, 0x00, 0x00, 0x00, 0x00, 0x00, 0x00, 0x00, 0x00, 0x00, 0x00, 0x00, 0x00, 0x00, 0x52, 0x4c, 
	0xb4, 0xb9, 0xac, 0x78, 0xa4, 0x57, 0xb4, 0xb9, 0x8b, 0x93, 0x8b, 0xb4, 0xac, 0x78, 0xa4, 0x57, 
	0xa4, 0x57, 0xac, 0x98, 0x9c, 0x15, 0x18, 0xa3, 0x00, 0x00, 0x00, 0x00, 0x00, 0x00, 0x00, 0x00, 
	0x00, 0x00, 0x00, 0x00, 0x00, 0x00, 0x00, 0x00, 0x00, 0x00, 0x00, 0x00, 0x2a, 0x08, 0x7d, 0x35, 
	0x96, 0x5a, 0x85, 0xd8, 0x8d, 0xf9, 0x96, 0x3a, 0x42, 0xab, 0x00, 0x00, 0x00, 0x00, 0x00, 0x00, 
	0x00, 0x00, 0x00, 0x00, 0x00, 0x00, 0x00, 0x00, 0x00, 0x00, 0x00, 0x00, 0x00, 0x00, 0x00, 0x00, 
	0x00, 0x00, 0x00, 0x00, 0x00, 0x00, 0x00, 0x00, 0x00, 0x00, 0x10, 0x61, 0xb3, 0x4c, 0xd3, 0xee, 
	0xc3, 0xad, 0xd3, 0xee, 0xb3, 0x4c, 0x28, 0xc2, 0x59, 0xc6, 0xd3, 0xee, 0xc3, 0xad, 0xd3, 0xee, 
	0xb3, 0x4b, 0x18, 0x81, 0x00, 0x00, 0x00, 0x00, 0x00, 0x00, 0x00, 0x00, 0x00, 0x00, 0x00, 0x00, 
	0x00, 0x00, 0x00, 0x00, 0x00, 0x00, 0x00, 0x00, 0x00, 0x00, 0x00, 0x00, 0x00, 0x00, 0x00, 0x00, 
	0x5a, 0x4c, 0xac, 0x98, 0xac, 0x78, 0xa4, 0x57, 0xb4, 0xb9, 0x52, 0x4c, 0x00, 0x00, 0x00, 0x00, 
	0x00, 0x00, 0x00, 0x00, 0x00, 0x00, 0x00, 0x00, 0x00, 0x00, 0x00, 0x00, 0x00, 0x00, 0x00, 0x00, 
	0x00, 0x00, 0x00, 0x00, 0x00, 0x00, 0x00, 0x00, 0x00, 0x00, 0x08, 0x60, 0xbc, 0xe9, 0xee, 0x4b, 
	0xdd, 0xca, 0xee, 0x2b, 0xcd, 0x6a, 0x31, 0x62, 0x00, 0x00, 0x83, 0x66, 0xee, 0x4b, 0xdd, 0xca, 
	0xf6, 0x6b, 0x94, 0x07, 0x00, 0x00, 0x00, 0x00, 0x00, 0x00, 0x00, 0x00, 0x00, 0x00, 0x00, 0x00, 
	0x00, 0x00, 0x00, 0x00, 0x00, 0x00, 0x00, 0x00, 0x00, 0x00, 0x00, 0x00, 0x00, 0x00, 0x00, 0x00, 
	0x20, 0xa2, 0xb3, 0x4b, 0xd3, 0xee, 0xc3, 0xad, 0xd3, 0xee, 0xb3, 0x4b, 0x10, 0x41, 0x00, 0x00, 
	0x00, 0x00, 0x00, 0x00, 0x00, 0x00, 0x00, 0x00, 0x00, 0x00, 0x00, 0x00, 0x00, 0x00, 0x00, 0x00, 
	0x00, 0x00, 0x00, 0x00, 0x00, 0x00, 0x00, 0x00, 0x00, 0x00, 0x00, 0x00, 0x42, 0xab, 0x96, 0x5a, 
	0x8d, 0xd8, 0x8d, 0xf8, 0x96, 0x3a, 0x53, 0x8e, 0x00, 0x20, 0x00, 0x00, 0x74, 0xf5, 0x8d, 0xf9, 
	0x96, 0x3a, 0x75, 0x35, 0x08, 0x61, 0x00, 0x00, 0x00, 0x00, 0x00, 0x00, 0x00, 0x00, 0x00, 0x00, 
	0x00, 0x00, 0x00, 0x00, 0x00, 0x00, 0x00, 0x00, 0x00, 0x00, 0x00, 0x00, 0x00, 0x00, 0x00, 0x00, 
	0x41, 0xe3, 0xcd, 0x8a, 0xee, 0x2b, 0xdd, 0xca, 0xee, 0x4b, 0xbc, 0xe9, 0x10, 0x60, 0x00, 0x00, 
	0x00, 0x00, 0x00, 0x00, 0x00, 0x00, 0x00, 0x00, 0x00, 0x00, 0x00, 0x00, 0x00, 0x00, 0x00, 0x00, 
	0x00, 0x00, 0x00, 0x00, 0x00, 0x00, 0x00, 0x00, 0x00, 0x00, 0x00, 0x00, 0x5a, 0x4c, 0xb4, 0xb9, 
	0xa4, 0x57, 0xac, 0x77, 0xb4, 0xb9, 0x62, 0x8d, 0x00, 0x00, 0x73, 0x10, 0xac, 0x98, 0xa4, 0x57, 
	0xac, 0x98, 0x9c, 0x16, 0x20, 0xc4, 0x00, 0x00, 0x00, 0x00, 0x00, 0x00, 0x00, 0x00, 0x00, 0x00, 
	0x00, 0x00, 0x00, 0x00, 0x00, 0x00, 0x00, 0x00, 0x00, 0x00, 0x00, 0x00, 0x00, 0x00, 0x00, 0x41, 
	0x53, 0xaf, 0x96, 0x5a, 0x8d, 0xf8, 0x8d, 0xf8, 0x96, 0x5a, 0x42, 0xcb, 0x00, 0x00, 0x00, 0x00, 
	0x00, 0x00, 0x00, 0x00, 0x00, 0x00, 0x00, 0x00, 0x00, 0x00, 0x00, 0x00, 0x00, 0x00, 0x00, 0x00, 
	0x00, 0x00, 0x00, 0x00, 0x00, 0x00, 0x00, 0x00, 0x08, 0x20, 0xa3, 0x0b, 0xd3, 0xee, 0xc3, 0xad, 
	0xd3, 0xee, 0xa2, 0xea, 0x10, 0x61, 0x00, 0x00, 0x72, 0x07, 0xd3, 0xee, 0xd3, 0xee, 0xa3, 0x0b, 
	0x10, 0x61, 0x00, 0x00, 0x00, 0x00, 0x00, 0x00, 0x00, 0x00, 0x00, 0x00, 0x00, 0x00, 0x00, 0x00, 
	0x00, 0x00, 0x00, 0x00, 0x00, 0x00, 0x00, 0x00, 0x00, 0x00, 0x00, 0x00, 0x00, 0x00, 0x00, 0x00, 
	0x00, 0x00, 0x39, 0x88, 0xac, 0x77, 0xac, 0x78, 0xa4, 0x57, 0xb4, 0xb9, 0x41, 0xa9, 0x00, 0x00, 
	0x00, 0x00, 0x00, 0x00, 0x00, 0x00, 0x00, 0x00, 0x00, 0x00, 0x00, 0x00, 0x00, 0x00, 0x00, 0x00, 
	0x00, 0x00, 0x00, 0x00, 0x00, 0x00, 0x00, 0x00, 0x00, 0x00, 0xa4, 0x48, 0xee, 0x4b, 0xdd, 0xca, 
	0xee, 0x4b, 0xbc, 0xe9, 0x18, 0xa1, 0x00, 0x00, 0x00, 0x00, 0x83, 0x66, 0xee, 0x4b, 0xee, 0x4b, 
	0x9c, 0x27, 0x00, 0x00, 0x00, 0x00, 0x00, 0x00, 0x00, 0x00, 0x00, 0x00, 0x00, 0x00, 0x00, 0x00, 
	0x00, 0x00, 0x00, 0x00, 0x00, 0x00, 0x00, 0x00, 0x00, 0x00, 0x00, 0x00, 0x00, 0x00, 0x00, 0x00, 
	0x00, 0x00, 0x08, 0x41, 0x9a, 0xea, 0xd3, 0xee, 0xc3, 0xad, 0xd3, 0xee, 0x9a, 0xea, 0x00, 0x00, 
	0x00, 0x00, 0x00, 0x00, 0x00, 0x00, 0x00, 0x00, 0x00, 0x00, 0x00, 0x00, 0x00, 0x00, 0x00, 0x00, 
	0x00, 0x00, 0x00, 0x00, 0x00, 0x00, 0x00, 0x00, 0x00, 0x00, 0x32, 0x08, 0x96, 0x3a, 0x8d, 0xf8, 
	0x8d, 0xf9, 0x8e, 0x19, 0x3a, 0x6a, 0x00, 0x00, 0x00, 0x00, 0x00, 0x00, 0x74, 0xf4, 0x96, 0x5a, 
	0x85, 0xb7, 0x10, 0xe3, 0x00, 0x00, 0x00, 0x00, 0x00, 0x00, 0x00, 0x00, 0x00, 0x00, 0x00, 0x00, 
	0x00, 0x00, 0x00, 0x00, 0x00, 0x00, 0x00, 0x00, 0x00, 0x00, 0x00, 0x00, 0x00, 0x00, 0x00, 0x00, 
	0x00, 0x00, 0x18, 0xc1, 0xbc, 0xe9, 0xee, 0x4b, 0xdd, 0xca, 0xee, 0x4b, 0xa4, 0x68, 0x00, 0x00, 
	0x00, 0x00, 0x00, 0x00, 0x00, 0x00, 0x00, 0x00, 0x00, 0x00, 0x00, 0x00, 0x00, 0x00, 0x00, 0x00, 
	0x00, 0x00, 0x00, 0x00, 0x00, 0x00, 0x00, 0x00, 0x00, 0x00, 0x49, 0xea, 0xb4, 0xb9, 0xa4, 0x57, 
	0xac, 0x78, 0xac, 0x77, 0x39, 0xa8, 0x00, 0x00, 0x00, 0x00, 0x7b, 0x31, 0xac, 0x98, 0xac, 0x98, 
	0xa4, 0x37, 0x21, 0x05, 0x00, 0x00, 0x00, 0x00, 0x00, 0x00, 0x00, 0x00, 0x00, 0x00, 0x00, 0x00, 
	0x00, 0x00, 0x00, 0x00, 0x00, 0x00, 0x00, 0x00, 0x00, 0x00, 0x00, 0x00, 0x00, 0x00, 0x00, 0x00, 
	0x00, 0x00, 0x3a, 0x6a, 0x8e, 0x19, 0x8d, 0xf9, 0x8d, 0xd8, 0x96, 0x3a, 0x32, 0x29, 0x00, 0x00, 
	0x00, 0x00, 0x00, 0x00, 0x00, 0x00, 0x00, 0x00, 0x00, 0x00, 0x00, 0x00, 0x00, 0x00, 0x00, 0x00, 
	0x00, 0x00, 0x00, 0x00, 0x00, 0x00, 0x00, 0x00, 0x7a, 0x48, 0xdc, 0x0e, 0xc3, 0xad, 0xd3, 0xee, 
	0x9a, 0xea, 0x08, 0x20, 0x00, 0x00, 0x00, 0x00, 0x82, 0x68, 0xec, 0x4f, 0x9a, 0xea, 0x08, 0x41, 
	0x00, 0x00, 0x00, 0x00, 0x00, 0x00, 0x00, 0x00, 0x00, 0x00, 0x00, 0x00, 0x00, 0x00, 0x00, 0x00, 
	0x00, 0x00, 0x00, 0x00, 0x00, 0x00, 0x00, 0x00, 0x00, 0x00, 0x00, 0x00, 0x00, 0x00, 0x00, 0x00, 
	0x00, 0x00, 0x00, 0x00, 0x31, 0x47, 0xac, 0x77, 0xac, 0x77, 0xac, 0x78, 0xac, 0x58, 0x20, 0xc4, 
	0x00, 0x00, 0x00, 0x00, 0x00, 0x00, 0x00, 0x00, 0x08, 0x41, 0x00, 0x20, 0x00, 0x00, 0x00, 0x00, 
	0x00, 0x00, 0x00, 0x00, 0x00, 0x00, 0x00, 0x00, 0x73, 0x05, 0xf6, 0x6c, 0xdd, 0xca, 0xee, 0x2b, 
	0xbc, 0xe9, 0x10, 0x80, 0x00, 0x00, 0x00, 0x00, 0x00, 0x00, 0x83, 0x86, 0xfe, 0xec, 0xa4, 0x48, 
	0x00, 0x20, 0x00, 0x00, 0x00, 0x00, 0x00, 0x00, 0x00, 0x00, 0x00, 0x00, 0x00, 0x00, 0x00, 0x00, 
	0x00, 0x00, 0x00, 0x00, 0x00, 0x00, 0x00, 0x00, 0x00, 0x00, 0x00, 0x00, 0x00, 0x00, 0x00, 0x00, 
	0x00, 0x00, 0x00, 0x00, 0x08, 0x20, 0xa2, 0xea, 0xd3, 0xee, 0xc3, 0xad, 0xdc, 0x0e, 0x6a, 0x07, 
	0x00, 0x00, 0x00, 0x00, 0x10, 0x41, 0xa2, 0xea, 0x72, 0x27, 0x00, 0x00, 0x00, 0x00, 0x00, 0x00, 
	0x00, 0x00, 0x00, 0x00, 0x00, 0x00, 0x00, 0x00, 0x10, 0xe4, 0x85, 0xd8, 0x8d, 0xf9, 0x8d, 0xf8, 
	0x8e, 0x19, 0x32, 0x08, 0x00, 0x00, 0x00, 0x00, 0x00, 0x00, 0x00, 0x00, 0x7d, 0x35, 0x96, 0x5a, 
	0x21, 0x86, 0x00, 0x00, 0x00, 0x00, 0x00, 0x00, 0x00, 0x00, 0x00, 0x00, 0x00, 0x00, 0x00, 0x00, 
	0x00, 0x00, 0x00, 0x00, 0x00, 0x00, 0x00, 0x00, 0x00, 0x00, 0x00, 0x00, 0x00, 0x00, 0x00, 0x00, 
	0x00, 0x00, 0x00, 0x00, 0x10, 0x80, 0xbc, 0xe9, 0xee, 0x2b, 0xdd, 0xca, 0xf6, 0x6c, 0x7b, 0x46, 
	0x00, 0x00, 0x00, 0x00, 0x00, 0x00, 0x00, 0x00, 0x18, 0xa1, 0x08, 0x40, 0x00, 0x00, 0x00, 0x00, 
	0x00, 0x00, 0x00, 0x00, 0x00, 0x00, 0x00, 0x00, 0x29, 0x26, 0xac, 0x98, 0xac, 0x77, 0xac, 0x78, 
	0xac, 0x77, 0x31, 0x47, 0x00, 0x00, 0x00, 0x00, 0x00, 0x00, 0x7b, 0x51, 0xb4, 0xb9, 0xac, 0x57, 
	0x29, 0x26, 0x00, 0x00, 0x00, 0x00, 0x00, 0x00, 0x00, 0x00, 0x00, 0x00, 0x00, 0x00, 0x00, 0x00, 
	0x00, 0x00, 0x00, 0x00, 0x00, 0x00, 0x00, 0x00, 0x00, 0x00, 0x00, 0x00, 0x00, 0x00, 0x00, 0x00, 
	0x00, 0x00, 0x00, 0x00, 0x32, 0x08, 0x8e, 0x19, 0x8d, 0xf8, 0x8d, 0xf9, 0x8d, 0xd8, 0x19, 0x25, 
	0x00, 0x00, 0x00, 0x00, 0x00, 0x00, 0x00, 0x00, 0x00, 0x00, 0x00, 0x00, 0x00, 0x00, 0x00, 0x00, 
	0x00, 0x00, 0x00, 0x00, 0x00, 0x00, 0x41, 0x24, 0xd3, 0xee, 0xc3, 0xad, 0xd3, 0xee, 0xb3, 0x4b, 
	0x08, 0x41, 0x00, 0x00, 0x00, 0x00, 0x00, 0x00, 0x72, 0x07, 0x9a, 0xca, 0x08, 0x20, 0x00, 0x00, 
	0x00, 0x00, 0x00, 0x00, 0x00, 0x00, 0x00, 0x00, 0x00, 0x00, 0x00, 0x00, 0x00, 0x00, 0x00, 0x00, 
	0x00, 0x00, 0x00, 0x00, 0x00, 0x00, 0x00, 0x00, 0x00, 0x00, 0x00, 0x00, 0x00, 0x00, 0x00, 0x00, 
	0x00, 0x00, 0x00, 0x00, 0x00, 0x00, 0x39, 0xa8, 0xb4, 0xb9, 0xa4, 0x57, 0xb4, 0x98, 0x8b, 0x93, 
	0x00, 0x00, 0x00, 0x00, 0x00, 0x00, 0x41, 0xc9, 0xac, 0x77, 0x31, 0x47, 0x00, 0x00, 0x00, 0x00, 
	0x00, 0x00, 0x00, 0x00, 0x00, 0x00, 0x29, 0x42, 0xdd, 0xeb, 0xdd, 0xeb, 0xe6, 0x0b, 0xcd, 0x8a, 
	0x18, 0xc1, 0x00, 0x00, 0x00, 0x00, 0x00, 0x00, 0x00, 0x00, 0x62, 0xa5, 0xac, 0x88, 0x08, 0x40, 
	0x00, 0x00, 0x00, 0x00, 0x00, 0x00, 0x00, 0x00, 0x00, 0x00, 0x00, 0x00, 0x00, 0x00, 0x00, 0x00, 
	0x00, 0x00, 0x00, 0x00, 0x00, 0x00, 0x00, 0x00, 0x00, 0x00, 0x00, 0x00, 0x00, 0x00, 0x00, 0x00, 
	0x00, 0x00, 0x00, 0x00, 0x00, 0x00, 0x10, 0x61, 0xb3, 0x4c, 0xcb, 0xcd, 0xcb, 0xad, 0xcb, 0xcd, 
	0x28, 0xc2, 0x18, 0x61, 0xb3, 0x2b, 0xec, 0x4f, 0x72, 0x27, 0x00, 0x00, 0x00, 0x00, 0x00, 0x00, 
	0x00, 0x00, 0x00, 0x00, 0x00, 0x00, 0x00, 0x00, 0x6c, 0xb3, 0x96, 0x3a, 0x85, 0xd8, 0x96, 0x5a, 
	0x3a, 0x6a, 0x00, 0x00, 0x00, 0x00, 0x00, 0x00, 0x00, 0x00, 0x00, 0x00, 0x4b, 0x6e, 0x32, 0x49, 
	0x00, 0x00, 0x00, 0x00, 0x00, 0x00, 0x00, 0x00, 0x00, 0x00, 0x00, 0x00, 0x00, 0x00, 0x00, 0x00, 
	0x00, 0x00, 0x00, 0x00, 0x00, 0x00, 0x00, 0x00, 0x00, 0x00, 0x00, 0x00, 0x00, 0x00, 0x00, 0x00, 
	0x00, 0x00, 0x00, 0x00, 0x00, 0x00, 0x18, 0xa1, 0xcd, 0x6a, 0xe6, 0x0b, 0xdd, 0xeb, 0xee, 0x2b, 
	0x39, 0x82, 0x00, 0x00, 0x00, 0x00, 0x52, 0x44, 0xee, 0x2b, 0x41, 0xe3, 0x00, 0x00, 0x00, 0x00, 
	0x00, 0x00, 0x00, 0x00, 0x00, 0x00, 0x08, 0x41, 0x93, 0xd4, 0xac, 0x98, 0xa4, 0x57, 0xac, 0x98, 
	0x39, 0x88, 0x00, 0x00, 0x00, 0x00, 0x00, 0x00, 0x00, 0x00, 0x8b, 0xb3, 0xb4, 0xd9, 0x31, 0x47, 
	0x00, 0x00, 0x00, 0x00, 0x00, 0x00, 0x00, 0x00, 0x00, 0x00, 0x00, 0x00, 0x00, 0x00, 0x00, 0x00, 
	0x00, 0x00, 0x00, 0x00, 0x00, 0x00, 0x00, 0x00, 0x00, 0x00, 0x00, 0x00, 0x00, 0x00, 0x00, 0x00, 
	0x00, 0x00, 0x00, 0x00, 0x00, 0x00, 0x3a, 0x6a, 0x96, 0x3a, 0x85, 0xd8, 0x96, 0x3a, 0x6c, 0xd4, 
	0x00, 0x00, 0x00, 0x00, 0x00, 0x00, 0x42, 0xec, 0x42, 0xec, 0x00, 0x00, 0x00, 0x00, 0x00, 0x00, 
	0x00, 0x00, 0x00, 0x00, 0x08, 0x20, 0xab, 0x2b, 0xcb, 0xcd, 0xcb, 0xad, 0xcb, 0xad, 0x20, 0xa2, 
	0x00, 0x00, 0x00, 0x00, 0x00, 0x00, 0x00, 0x00, 0x00, 0x00, 0x00, 0x00, 0x00, 0x00, 0x00, 0x00, 
	0x00, 0x00, 0x00, 0x00, 0x00, 0x00, 0x00, 0x00, 0x00, 0x00, 0x00, 0x00, 0x00, 0x00, 0x00, 0x00, 
	0x00, 0x00, 0x00, 0x00, 0x00, 0x00, 0x00, 0x00, 0x00, 0x00, 0x00, 0x00, 0x00, 0x00, 0x00, 0x00, 
	0x00, 0x00, 0x00, 0x00, 0x00, 0x00, 0x00, 0x00, 0x62, 0x8d, 0xb4, 0xb9, 0xa4, 0x57, 0xb4, 0xb9, 
	0x41, 0xea, 0x08, 0x41, 0x72, 0xf0, 0xb4, 0xb9, 0xb4, 0xb9, 0x20, 0xc4, 0x00, 0x00, 0x00, 0x00, 
	0x00, 0x00, 0x00, 0x00, 0x00, 0x00, 0xa4, 0x68, 0xee, 0x4b, 0xdd, 0xca, 0xee, 0x2b, 0x41, 0xe3, 
	0x00, 0x00, 0x00, 0x00, 0x00, 0x00, 0x00, 0x00, 0x00, 0x00, 0x00, 0x00, 0x00, 0x00, 0x00, 0x00, 
	0x00, 0x00, 0x00, 0x00, 0x00, 0x00, 0x00, 0x00, 0x00, 0x00, 0x00, 0x00, 0x00, 0x00, 0x00, 0x00, 
	0x00, 0x00, 0x00, 0x00, 0x00, 0x00, 0x00, 0x00, 0x00, 0x00, 0x00, 0x00, 0x00, 0x00, 0x00, 0x00, 
	0x00, 0x00, 0x00, 0x00, 0x00, 0x00, 0x00, 0x00, 0x28, 0xc2, 0xbb, 0x8d, 0xcb, 0xad, 0xcb, 0xcd, 
	0xab, 0x2b, 0xb3, 0x6c, 0xd3, 0xee, 0xd3, 0xee, 0x51, 0x65, 0x00, 0x00, 0x00, 0x00, 0x00, 0x00, 
	0x00, 0x00, 0x00, 0x00, 0x00, 0x00, 0x3a, 0x6a, 0x96, 0x5a, 0x85, 0xd8, 0x96, 0x5a, 0x53, 0xaf, 
	0x00, 0x00, 0x00, 0x00, 0x00, 0x00, 0x00, 0x00, 0x00, 0x00, 0x00, 0x00, 0x00, 0x00, 0x00, 0x00, 
	0x00, 0x00, 0x00, 0x00, 0x00, 0x00, 0x00, 0x00, 0x00, 0x00, 0x00, 0x00, 0x00, 0x00, 0x00, 0x00, 
	0x00, 0x00, 0x00, 0x00, 0x00, 0x00, 0x00, 0x00, 0x00, 0x00, 0x00, 0x00, 0x00, 0x00, 0x00, 0x00, 
	0x00, 0x00, 0x00, 0x00, 0x00, 0x00, 0x00, 0x00, 0x31, 0x62, 0xe6, 0x0b, 0xdd, 0xeb, 0xee, 0x2b, 
	0xb4, 0xc9, 0x08, 0x60, 0x7b, 0x46, 0xee, 0x4b, 0xee, 0x4b, 0x29, 0x02, 0x00, 0x00, 0x00, 0x00, 
	0x00, 0x00, 0x00, 0x00, 0x00, 0x00, 0x5a, 0x6d, 0xb4, 0xb9, 0xa4, 0x57, 0xb4, 0xb9, 0x5a, 0x4c, 
	0x00, 0x00, 0x00, 0x00, 0x00, 0x00, 0x00, 0x00, 0x00, 0x00, 0x41, 0xc9, 0x39, 0x88, 0x00, 0x00, 
	0x00, 0x00, 0x00, 0x00, 0x00, 0x00, 0x00, 0x00, 0x00, 0x00, 0x00, 0x00, 0x00, 0x00, 0x00, 0x00, 
	0x00, 0x00, 0x00, 0x00, 0x00, 0x00, 0x00, 0x00, 0x00, 0x00, 0x00, 0x00, 0x00, 0x00, 0x00, 0x00, 
	0x00, 0x00, 0x00, 0x00, 0x00, 0x00, 0x00, 0x00, 0x53, 0x8e, 0x96, 0x5a, 0x85, 0xd8, 0x96, 0x5a, 
	0x42, 0xcb, 0x00, 0x00, 0x4b, 0x4d, 0x9e, 0xdc, 0x64, 0x51, 0x00, 0x00, 0x00, 0x00, 0x00, 0x00, 
	0x00, 0x00, 0x00, 0x00, 0x59, 0xa6, 0xdc, 0x0e, 0xc3, 0xad, 0xdb, 0xee, 0x61, 0xc6, 0x00, 0x00, 
	0x00, 0x00, 0x00, 0x00, 0x00, 0x00, 0x00, 0x00, 0x00, 0x00, 0x00, 0x00, 0x00, 0x00, 0x00, 0x00, 
	0x00, 0x00, 0x00, 0x00, 0x00, 0x00, 0x00, 0x00, 0x00, 0x00, 0x00, 0x00, 0x00, 0x00, 0x00, 0x00, 
	0x00, 0x00, 0x00, 0x00, 0x00, 0x00, 0x00, 0x00, 0x00, 0x00, 0x00, 0x00, 0x00, 0x00, 0x00, 0x00, 
	0x00, 0x00, 0x00, 0x00, 0x00, 0x00, 0x00, 0x00, 0x00, 0x00, 0x8b, 0x93, 0xac, 0x98, 0xac, 0x77, 
	0x9b, 0xf5, 0x93, 0xd4, 0xb4, 0xb9, 0xac, 0x78, 0x9b, 0xf5, 0x00, 0x20, 0x00, 0x00, 0x00, 0x00, 
	0x00, 0x00, 0x00, 0x00, 0x41, 0xc3, 0xee, 0x2b, 0xdd, 0xca, 0xee, 0x4b, 0x8b, 0xc7, 0x00, 0x00, 
	0x00, 0x00, 0x00, 0x00, 0x00, 0x00, 0x00, 0x00, 0x00, 0x00, 0x00, 0x00, 0x00, 0x00, 0x00, 0x00, 
	0x00, 0x00, 0x00, 0x00, 0x00, 0x00, 0x00, 0x00, 0x00, 0x00, 0x00, 0x00, 0x00, 0x00, 0x00, 0x00, 
	0x00, 0x00, 0x00, 0x00, 0x00, 0x00, 0x00, 0x00, 0x00, 0x00, 0x00, 0x00, 0x00, 0x00, 0x00, 0x00, 
	0x00, 0x00, 0x72, 0x07, 0x82, 0x68, 0x72, 0x07, 0x59, 0xc6, 0xab, 0x0b, 0xcb, 0xcd, 0xc3, 0xad, 
	0xcb, 0xcd, 0xcb, 0xcd, 0xc3, 0xad, 0xcb, 0xcd, 0x30, 0xe3, 0x00, 0x00, 0x00, 0x00, 0x00, 0x00, 
	0x00, 0x00, 0x00, 0x00, 0x08, 0x41, 0x7d, 0x56, 0x8e, 0x19, 0x8e, 0x19, 0x7d, 0x35, 0x00, 0x41, 
	0x00, 0x00, 0x00, 0x00, 0x00, 0x00, 0x00, 0x00, 0x00, 0x00, 0x00, 0x00, 0x00, 0x00, 0x00, 0x00, 
	0x00, 0x00, 0x00, 0x00, 0x00, 0x00, 0x00, 0x00, 0x00, 0x00, 0x00, 0x00, 0x00, 0x00, 0x00, 0x00, 
	0x00, 0x00, 0x00, 0x00, 0x00, 0x00, 0x00, 0x00, 0x00, 0x00, 0x00, 0x00, 0x00, 0x00, 0x00, 0x00, 
	0x00, 0x00, 0x00, 0x00, 0x00, 0x00, 0x00, 0x00, 0x00, 0x00, 0x6a, 0xc5, 0xee, 0x2b, 0xdd, 0xca, 
	0xdd, 0xeb, 0xbd, 0x09, 0xee, 0x2b, 0xe6, 0x0b, 0xcd, 0x4a, 0x00, 0x20, 0x00, 0x00, 0x00, 0x00, 
	0x00, 0x00, 0x00, 0x00, 0x18, 0xa3, 0xa4, 0x57, 0xac, 0x77, 0xac, 0x98, 0x83, 0x92, 0x00, 0x00, 
	0x00, 0x00, 0x00, 0x00, 0x00, 0x00, 0x00, 0x00, 0x00, 0x00, 0x00, 0x00, 0x00, 0x00, 0x00, 0x00, 
	0x00, 0x00, 0x00, 0x00, 0x00, 0x00, 0x00, 0x00, 0x00, 0x00, 0x00, 0x00, 0x00, 0x00, 0x00, 0x00, 
	0x00, 0x00, 0x00, 0x00, 0x00, 0x00, 0x00, 0x00, 0x00, 0x00, 0x00, 0x00, 0x00, 0x00, 0x00, 0x00, 
	0x00, 0x00, 0x00, 0x00, 0x00, 0x00, 0x00, 0x00, 0x00, 0x20, 0x74, 0xf4, 0x8e, 0x19, 0x8d, 0xf9, 
	0x7d, 0x56, 0x5c, 0x10, 0x96, 0x3a, 0x96, 0x5a, 0x4b, 0x2d, 0x00, 0x00, 0x00, 0x00, 0x00, 0x00, 
	0x00, 0x00, 0x00, 0x20, 0xab, 0x4b, 0xcb, 0xcd, 0xcb, 0xcd, 0xab, 0x2b, 0x00, 0x00, 0x00, 0x00, 
	0x00, 0x00, 0x00, 0x00, 0x00, 0x00, 0x00, 0x00, 0x00, 0x00, 0x00, 0x00, 0x00, 0x00, 0x00, 0x00, 
	0x00, 0x00, 0x00, 0x00, 0x00, 0x00, 0x00, 0x00, 0x00, 0x00, 0x00, 0x00, 0x00, 0x00, 0x00, 0x00, 
	0x00, 0x00, 0x00, 0x00, 0x00, 0x00, 0x00, 0x00, 0x00, 0x00, 0x00, 0x00, 0x00, 0x00, 0x00, 0x00, 
	0x41, 0xc9, 0x8b, 0xb3, 0x7b, 0x51, 0x7b, 0x31, 0x73, 0x10, 0x8b, 0xb4, 0xac, 0x78, 0xa4, 0x57, 
	0xac, 0x77, 0xac, 0x78, 0xa4, 0x57, 0xb4, 0x98, 0x73, 0x10, 0x00, 0x00, 0x00, 0x00, 0x00, 0x00, 
	0x00, 0x00, 0x00, 0x00, 0xa4, 0x48, 0xee, 0x2b, 0xe5, 0xeb, 0xd5, 0x8a, 0x18, 0xc1, 0x00, 0x00, 
	0x00, 0x00, 0x00, 0x00, 0x00, 0x00, 0x00, 0x00, 0x00, 0x00, 0x00, 0x00, 0x00, 0x00, 0x00, 0x00, 
	0x00, 0x00, 0x00, 0x00, 0x00, 0x00, 0x00, 0x00, 0x00, 0x00, 0x00, 0x00, 0x00, 0x00, 0x00, 0x00, 
	0x00, 0x00, 0x00, 0x00, 0x00, 0x00, 0x00, 0x00, 0x00, 0x00, 0x00, 0x00, 0x00, 0x00, 0x00, 0x00, 
	0x00, 0x00, 0x9a, 0xca, 0xec, 0x4f, 0xd3, 0xee, 0xd3, 0xee, 0xcb, 0xad, 0xc3, 0xad, 0xc3, 0xad, 
	0xc3, 0xad, 0xc3, 0xad, 0xcb, 0xad, 0xbb, 0x8d, 0x18, 0x61, 0x00, 0x00, 0x00, 0x00, 0x00, 0x00, 
	0x00, 0x00, 0x00, 0x00, 0x3a, 0x8b, 0x96, 0x5a, 0x85, 0xd8, 0x96, 0x3a, 0x2a, 0x08, 0x00, 0x00, 
	0x00, 0x00, 0x00, 0x00, 0x00, 0x00, 0x00, 0x00, 0x00, 0x00, 0x00, 0x00, 0x00, 0x00, 0x00, 0x00, 
	0x00, 0x00, 0x00, 0x00, 0x00, 0x00, 0x00, 0x00, 0x00, 0x00, 0x00, 0x00, 0x00, 0x00, 0x00, 0x00, 
	0x00, 0x00, 0x00, 0x00, 0x00, 0x00, 0x00, 0x00, 0x00, 0x00, 0x00, 0x00, 0x00, 0x00, 0x00, 0x00, 
	0x00, 0x00, 0x62, 0xa5, 0x83, 0x86, 0x83, 0x66, 0x83, 0x66, 0x8b, 0xc7, 0xdd, 0xca, 0xdd, 0xca, 
	0xdd, 0xca, 0xe6, 0x0b, 0xdd, 0xca, 0xee, 0x2b, 0x9c, 0x27, 0x00, 0x00, 0x00, 0x00, 0x00, 0x00, 
	0x00, 0x00, 0x00, 0x00, 0x62, 0x8e, 0xb4, 0xb9, 0xa4, 0x57, 0xac, 0x98, 0x29, 0x06, 0x00, 0x00, 
	0x00, 0x00, 0x00, 0x00, 0x00, 0x00, 0x00, 0x00, 0x00, 0x00, 0x00, 0x00, 0x00, 0x00, 0x00, 0x00, 
	0x00, 0x00, 0x00, 0x00, 0x00, 0x00, 0x00, 0x00, 0x00, 0x00, 0x00, 0x00, 0x00, 0x00, 0x00, 0x00, 
	0x00, 0x00, 0x00, 0x00, 0x00, 0x00, 0x00, 0x00, 0x00, 0x00, 0x00, 0x00, 0x00, 0x00, 0x00, 0x00, 
	0x00, 0x00, 0x00, 0x00, 0x00, 0x00, 0x00, 0x00, 0x00, 0x00, 0x2a, 0x08, 0x8e, 0x19, 0x85, 0xd8, 
	0x8d, 0xf8, 0x8e, 0x39, 0x85, 0xd8, 0x96, 0x3a, 0x32, 0x6a, 0x00, 0x00, 0x00, 0x00, 0x00, 0x00, 
	0x00, 0x00, 0x41, 0x24, 0xd3, 0xee, 0xc3, 0xad, 0xd3, 0xee, 0x49, 0x65, 0x00, 0x00, 0x00, 0x00, 
	0x00, 0x00, 0x00, 0x00, 0x00, 0x00, 0x00, 0x00, 0x00, 0x00, 0x00, 0x00, 0x00, 0x00, 0x00, 0x00, 
	0x00, 0x00, 0x00, 0x00, 0x00, 0x00, 0x00, 0x00, 0x00, 0x00, 0x00, 0x00, 0x00, 0x00, 0x00, 0x00, 
	0x00, 0x00, 0x00, 0x00, 0x00, 0x00, 0x00, 0x00, 0x00, 0x00, 0x00, 0x00, 0x00, 0x00, 0x00, 0x00, 
	0x39, 0x88, 0xb4, 0xd9, 0xb4, 0xb9, 0xac, 0x98, 0xac, 0x98, 0xac, 0x78, 0xa4, 0x57, 0xa4, 0x57, 
	0xa4, 0x57, 0xa4, 0x57, 0xa4, 0x57, 0xb4, 0xb9, 0x4a, 0x0b, 0x00, 0x00, 0x00, 0x00, 0x00, 0x00, 
	0x00, 0x00, 0x20, 0xe1, 0xdd, 0xea, 0xdd, 0xeb, 0xee, 0x4b, 0x83, 0x66, 0x00, 0x00, 0x00, 0x00, 
	0x00, 0x00, 0x00, 0x00, 0x00, 0x00, 0x00, 0x00, 0x00, 0x00, 0x00, 0x00, 0x00, 0x00, 0x00, 0x00, 
	0x00, 0x00, 0x00, 0x00, 0x00, 0x00, 0x00, 0x00, 0x00, 0x00, 0x00, 0x00, 0x00, 0x00, 0x00, 0x00, 
	0x00, 0x00, 0x00, 0x00, 0x00, 0x00, 0x00, 0x00, 0x00, 0x00, 0x00, 0x00, 0x00, 0x00, 0x00, 0x00, 
	0x00, 0x00, 0x08, 0x20, 0x9a, 0xea, 0xd3, 0xee, 0xc3, 0xad, 0xc3, 0xad, 0xc3, 0xad, 0xc3, 0xad, 
	0xc3, 0xad, 0xc3, 0xad, 0xcb, 0xcd, 0xab, 0x2b, 0x00, 0x00, 0x00, 0x00, 0x00, 0x00, 0x00, 0x00, 
	0x00, 0x00, 0x00, 0x00, 0x74, 0xf4, 0x8e, 0x19, 0x8e, 0x19, 0x6c, 0xb4, 0x00, 0x00, 0x00, 0x00, 
	0x00, 0x00, 0x00, 0x00, 0x00, 0x00, 0x00, 0x00, 0x00, 0x00, 0x00, 0x00, 0x00, 0x00, 0x00, 0x00, 
	0x00, 0x00, 0x00, 0x00, 0x00, 0x00, 0x00, 0x00, 0x00, 0x00, 0x00, 0x00, 0x00, 0x00, 0x00, 0x00, 
	0x00, 0x00, 0x00, 0x00, 0x00, 0x00, 0x00, 0x00, 0x00, 0x00, 0x00, 0x00, 0x00, 0x00, 0x00, 0x00, 
	0x00, 0x00, 0xac, 0x88, 0xfe, 0xec, 0xee, 0x4b, 0xee, 0x4b, 0xee, 0x2b, 0xdd, 0xca, 0xdd, 0xca, 
	0xdd, 0xca, 0xdd, 0xca, 0xdd, 0xca, 0xee, 0x4b, 0x6a, 0xc5, 0x00, 0x00, 0x00, 0x00, 0x00, 0x00, 
	0x00, 0x00, 0x08, 0x62, 0x9c, 0x36, 0xac, 0x77, 0xb4, 0xb9, 0x73, 0x10, 0x00, 0x00, 0x00, 0x00, 
	0x00, 0x00, 0x00, 0x00, 0x00, 0x00, 0x00, 0x00, 0x00, 0x00, 0x00, 0x00, 0x00, 0x00, 0x00, 0x00, 
	0x00, 0x00, 0x00, 0x00, 0x00, 0x00, 0x00, 0x00, 0x00, 0x00, 0x00, 0x00, 0x00, 0x00, 0x00, 0x00, 
	0x00, 0x00, 0x00, 0x00, 0x00, 0x00, 0x00, 0x00, 0x00, 0x00, 0x00, 0x00, 0x00, 0x00, 0x00, 0x00, 
	0x00, 0x00, 0x4b, 0x6e, 0x7d, 0x35, 0x74, 0xf4, 0x74, 0xf5, 0x74, 0xf5, 0x85, 0xd7, 0x85, 0xd8, 
	0x85, 0xd8, 0x85, 0xd8, 0x85, 0xd8, 0x8e, 0x19, 0x21, 0xa6, 0x00, 0x00, 0x00, 0x00, 0x00, 0x00, 
	0x00, 0x00, 0x82, 0x69, 0xd3, 0xee, 0xcb, 0xcd, 0xb3, 0x4c, 0x00, 0x20, 0x00, 0x00, 0x00, 0x00, 
	0x00, 0x00, 0x00, 0x00, 0x00, 0x00, 0x00, 0x00, 0x00, 0x00, 0x00, 0x00, 0x00, 0x00, 0x00, 0x00, 
	0x00, 0x00, 0x00, 0x00, 0x00, 0x00, 0x00, 0x00, 0x00, 0x00, 0x00, 0x00, 0x00, 0x00, 0x00, 0x00, 
	0x00, 0x00, 0x00, 0x00, 0x00, 0x00, 0x00, 0x00, 0x00, 0x00, 0x00, 0x00, 0x00, 0x00, 0x00, 0x00, 
	0x00, 0x00, 0x31, 0x47, 0xac, 0x57, 0xac, 0x98, 0xa4, 0x57, 0xa4, 0x57, 0xa4, 0x57, 0xa4, 0x57, 
	0xa4, 0x57, 0xa4, 0x57, 0xa4, 0x57, 0xac, 0x98, 0x21, 0x05, 0x00, 0x00, 0x00, 0x00, 0x00, 0x00, 
	0x00, 0x00, 0x6a, 0xc5, 0xee, 0x4b, 0xdd, 0xeb, 0xdd, 0xeb, 0x29, 0x22, 0x00, 0x00, 0x00, 0x00, 
	0x00, 0x00, 0x00, 0x00, 0x00, 0x00, 0x00, 0x00, 0x00, 0x00, 0x00, 0x00, 0x00, 0x00, 0x00, 0x00, 
	0x00, 0x00, 0x00, 0x00, 0x00, 0x00, 0x00, 0x00, 0x00, 0x00, 0x00, 0x00, 0x00, 0x00, 0x00, 0x00, 
	0x00, 0x00, 0x00, 0x00, 0x00, 0x00, 0x00, 0x00, 0x00, 0x00, 0x00, 0x00, 0x00, 0x00, 0x00, 0x00, 
	0x00, 0x00, 0x00, 0x00, 0x08, 0x41, 0xa3, 0x0b, 0xd3, 0xee, 0xc3, 0xad, 0xc3, 0xad, 0xc3, 0xad, 
	0xc3, 0xad, 0xc3, 0xad, 0xd3, 0xee, 0x92, 0xc9, 0x00, 0x00, 0x00, 0x00, 0x00, 0x00, 0x00, 0x00, 
	0x00, 0x00, 0x19, 0x45, 0x8e, 0x19, 0x8d, 0xd8, 0x96, 0x5a, 0x32, 0x49, 0x00, 0x00, 0x00, 0x00, 
	0x00, 0x00, 0x00, 0x00, 0x00, 0x00, 0x00, 0x00, 0x00, 0x00, 0x00, 0x00, 0x00, 0x00, 0x00, 0x00, 
	0x00, 0x00, 0x00, 0x00, 0x00, 0x00, 0x00, 0x00, 0x00, 0x00, 0x00, 0x00, 0x00, 0x00, 0x00, 0x00, 
	0x00, 0x00, 0x00, 0x00, 0x00, 0x00, 0x00, 0x00, 0x00, 0x00, 0x00, 0x00, 0x00, 0x00, 0x00, 0x00, 
	0x00, 0x00, 0x08, 0x40, 0xa4, 0x48, 0xee, 0x4b, 0xdd, 0xca, 0xdd, 0xca, 0xdd, 0xca, 0xdd, 0xca, 
	0xdd, 0xca, 0xdd, 0xca, 0xdd, 0xca, 0xe6, 0x2b, 0x39, 0x82, 0x00, 0x00, 0x00, 0x00, 0x00, 0x00, 
	0x00, 0x00, 0x41, 0xa9, 0xb4, 0xb9, 0xa4, 0x57, 0xac, 0x98, 0x29, 0x26, 0x00, 0x00, 0x00, 0x00, 
	0x00, 0x00, 0x00, 0x00, 0x00, 0x00, 0x00, 0x00, 0x00, 0x00, 0x00, 0x00, 0x00, 0x00, 0x00, 0x00, 
	0x00, 0x00, 0x00, 0x00, 0x00, 0x00, 0x00, 0x00, 0x00, 0x00, 0x00, 0x00, 0x00, 0x00, 0x00, 0x00, 
	0x00, 0x00, 0x00, 0x00, 0x00, 0x00, 0x00, 0x00, 0x00, 0x00, 0x00, 0x00, 0x00, 0x00, 0x00, 0x00, 
	0x00, 0x00, 0x32, 0x49, 0x96, 0x5a, 0x96, 0x5a, 0x8d, 0xf9, 0x8d, 0xf9, 0x85, 0xd8, 0x85, 0xd8, 
	0x85, 0xd8, 0x85, 0xd8, 0x8d, 0xd8, 0x8d, 0xd8, 0x10, 0xe4, 0x00, 0x00, 0x00, 0x00, 0x00, 0x00, 
	0x08, 0x20, 0xb3, 0x4c, 0xcb, 0xcd, 0xd3, 0xee, 0x72, 0x27, 0x00, 0x00, 0x00, 0x00, 0x00, 0x00, 
	0x00, 0x00, 0x00, 0x00, 0x00, 0x00, 0x00, 0x00, 0x00, 0x00, 0x00, 0x00, 0x00, 0x00, 0x00, 0x00, 
	0x00, 0x00, 0x00, 0x00, 0x00, 0x00, 0x00, 0x00, 0x00, 0x00, 0x00, 0x00, 0x00, 0x00, 0x00, 0x00, 
	0x00, 0x00, 0x00, 0x00, 0x00, 0x00, 0x00, 0x00, 0x00, 0x00, 0x00, 0x00, 0x00, 0x00, 0x00, 0x00, 
	0x00, 0x00, 0x00, 0x00, 0x29, 0x26, 0xa4, 0x37, 0xac, 0x98, 0xa4, 0x57, 0xa4, 0x57, 0xa4, 0x57, 
	0xa4, 0x57, 0xa4, 0x57, 0xac, 0x78, 0x9b, 0xf5, 0x08, 0x21, 0x00, 0x00, 0x00, 0x00, 0x00, 0x00, 
	0x00, 0x00, 0xa4, 0x48, 0xee, 0x2b, 0xe6, 0x2b, 0xac, 0x88, 0x00, 0x00, 0x00, 0x00, 0x00, 0x00, 
	0x00, 0x00, 0x00, 0x00, 0x00, 0x00, 0x00, 0x00, 0x00, 0x00, 0x00, 0x00, 0x00, 0x00, 0x00, 0x00, 
	0x00, 0x00, 0x00, 0x00, 0x00, 0x00, 0x00, 0x00, 0x00, 0x00, 0x00, 0x00, 0x00, 0x00, 0x00, 0x00, 
	0x00, 0x00, 0x00, 0x00, 0x00, 0x00, 0x00, 0x00, 0x00, 0x00, 0x00, 0x00, 0x00, 0x00, 0x00, 0x00, 
	0x00, 0x00, 0x00, 0x00, 0x00, 0x00, 0x10, 0x61, 0xb3, 0x4b, 0xd3, 0xee, 0xc3, 0xad, 0xc3, 0xad, 
	0xc3, 0xad, 0xc3, 0xad, 0xd3, 0xee, 0x7a, 0x28, 0x00, 0x00, 0x00, 0x00, 0x00, 0x00, 0x00, 0x00, 
	0x00, 0x00, 0x43, 0x0c, 0x96, 0x5a, 0x8d, 0xf8, 0x7d, 0x97, 0x08, 0x62, 0x00, 0x00, 0x00, 0x00, 
	0x00, 0x00, 0x00, 0x00, 0x00, 0x00, 0x00, 0x00, 0x00, 0x00, 0x00, 0x00, 0x00, 0x00, 0x00, 0x00, 
	0x00, 0x00, 0x00, 0x00, 0x00, 0x00, 0x00, 0x00, 0x00, 0x00, 0x00, 0x00, 0x00, 0x00, 0x00, 0x00, 
	0x00, 0x00, 0x00, 0x00, 0x00, 0x00, 0x00, 0x00, 0x00, 0x00, 0x00, 0x00, 0x00, 0x00, 0x00, 0x00, 
	0x00, 0x00, 0x00, 0x00, 0x00, 0x20, 0x9c, 0x27, 0xf6, 0x6b, 0xdd, 0xca, 0xdd, 0xca, 0xdd, 0xca, 
	0xdd, 0xca, 0xdd, 0xca, 0xe5, 0xeb, 0xcd, 0x69, 0x08, 0x60, 0x00, 0x00, 0x00, 0x00, 0x00, 0x00, 
	0x00, 0x00, 0x73, 0x10, 0xb4, 0xb9, 0xac, 0x98, 0x8b, 0xb3, 0x00, 0x00, 0x00, 0x00, 0x00, 0x00, 
	0x00, 0x00, 0x00, 0x00, 0x00, 0x00, 0x00, 0x00, 0x00, 0x00, 0x00, 0x00, 0x00, 0x00, 0x00, 0x00, 
	0x00, 0x00, 0x00, 0x00, 0x00, 0x00, 0x00, 0x00, 0x00, 0x00, 0x00, 0x00, 0x00, 0x00, 0x00, 0x00, 
	0x00, 0x00, 0x00, 0x00, 0x00, 0x00, 0x00, 0x00, 0x00, 0x00, 0x00, 0x00, 0x00, 0x00, 0x00, 0x00, 
	0x00, 0x00, 0x00, 0x00, 0x21, 0x86, 0x85, 0xb7, 0x96, 0x3a, 0x85, 0xd8, 0x85, 0xd8, 0x85, 0xd8, 
	0x85, 0xd8, 0x85, 0xd8, 0x8d, 0xf9, 0x7d, 0x76, 0x08, 0x61, 0x00, 0x00, 0x00, 0x00, 0x00, 0x00, 
	0x30, 0xe3, 0xd3, 0xee, 0xcb, 0xad, 0xd3, 0xee, 0x39, 0x04, 0x00, 0x00, 0x00, 0x00, 0x00, 0x00, 
	0x00, 0x00, 0x00, 0x00, 0x00, 0x00, 0x00, 0x00, 0x00, 0x00, 0x00, 0x00, 0x00, 0x00, 0x00, 0x00, 
	0x00, 0x00, 0x00, 0x00, 0x00, 0x00, 0x00, 0x00, 0x00, 0x00, 0x00, 0x00, 0x00, 0x00, 0x00, 0x00, 
	0x00, 0x00, 0x00, 0x00, 0x00, 0x00, 0x00, 0x00, 0x00, 0x00, 0x00, 0x00, 0x00, 0x00, 0x00, 0x00, 
	0x00, 0x00, 0x00, 0x00, 0x00, 0x00, 0x21, 0x05, 0x9c, 0x16, 0xac, 0x98, 0xa4, 0x57, 0xa4, 0x57, 
	0xa4, 0x57, 0xa4, 0x57, 0xb4, 0x98, 0x73, 0x10, 0x00, 0x00, 0x00, 0x00, 0x00, 0x00, 0x00, 0x00, 
	0x08, 0x60, 0xdd, 0xaa, 0xee, 0x2b, 0xf6, 0x6c, 0x73, 0x25, 0x00, 0x00, 0x00, 0x00, 0x00, 0x00, 
	0x00, 0x00, 0x00, 0x00, 0x00, 0x00, 0x00, 0x00, 0x00, 0x00, 0x00, 0x00, 0x00, 0x00, 0x00, 0x00, 
	0x00, 0x00, 0x00, 0x00, 0x00, 0x00, 0x00, 0x00, 0x00, 0x00, 0x00, 0x00, 0x00, 0x00, 0x00, 0x00, 
	0x00, 0x00, 0x00, 0x00, 0x00, 0x00, 0x00, 0x00, 0x00, 0x00, 0x00, 0x00, 0x00, 0x00, 0x00, 0x00, 
	0x00, 0x00, 0x00, 0x00, 0x00, 0x00, 0x00, 0x00, 0x18, 0x81, 0xbb, 0x4c, 0xd3, 0xee, 0xc3, 0xad, 
	0xc3, 0xad, 0xc3, 0xad, 0xd3, 0xee, 0x59, 0xa6, 0x00, 0x00, 0x00, 0x00, 0x00, 0x00, 0x00, 0x00, 
	0x00, 0x00, 0x64, 0x72, 0x8e, 0x39, 0x96, 0x39, 0x64, 0x31, 0x00, 0x00, 0x00, 0x00, 0x00, 0x00, 
	0x00, 0x00, 0x00, 0x00, 0x00, 0x00, 0x00, 0x00, 0x00, 0x00, 0x00, 0x00, 0x00, 0x00, 0x00, 0x00, 
	0x00, 0x00, 0x00, 0x00, 0x00, 0x00, 0x00, 0x00, 0x00, 0x00, 0x00, 0x00, 0x00, 0x00, 0x00, 0x00, 
	0x00, 0x00, 0x00, 0x00, 0x00, 0x00, 0x00, 0x00, 0x00, 0x00, 0x00, 0x00, 0x00, 0x00, 0x00, 0x00, 
	0x00, 0x00, 0x00, 0x00, 0x00, 0x00, 0x00, 0x00, 0x94, 0x07, 0xf6, 0x6b, 0xdd, 0xca, 0xdd, 0xca, 
	0xdd, 0xca, 0xdd, 0xca, 0xee, 0x2b, 0xa4, 0x68, 0x00, 0x00, 0x00, 0x00, 0x00, 0x00, 0x00, 0x00, 
	0x00, 0x21, 0x93, 0xd5, 0xac, 0x78, 0xb4, 0xb9, 0x5a, 0x8d, 0x00, 0x00, 0x00, 0x00, 0x00, 0x00, 
	0x00, 0x00, 0x00, 0x00, 0x00, 0x00, 0x00, 0x00, 0x00, 0x00, 0x00, 0x00, 0x00, 0x00, 0x00, 0x00, 
	0x00, 0x00, 0x00, 0x00, 0x00, 0x00, 0x00, 0x00, 0x00, 0x00, 0x00, 0x00, 0x00, 0x00, 0x00, 0x00, 
	0x00, 0x00, 0x00, 0x00, 0x00, 0x00, 0x00, 0x00, 0x00, 0x00, 0x00, 0x00, 0x00, 0x00, 0x00, 0x00, 
	0x00, 0x00, 0x00, 0x00, 0x00, 0x00, 0x10, 0xe3, 0x75, 0x35, 0x96, 0x5a, 0x85, 0xd8, 0x85, 0xd8, 
	0x85, 0xd8, 0x85, 0xd8, 0x8e, 0x19, 0x6c, 0xd4, 0x00, 0x00, 0x00, 0x00, 0x00, 0x00, 0x00, 0x00, 
	0x41, 0x24, 0xc3, 0x8c, 0xc3, 0xad, 0xcb, 0xad, 0x10, 0x61, 0x00, 0x00, 0x00, 0x00, 0x00, 0x00, 
	0x00, 0x00, 0x00, 0x00, 0x00, 0x00, 0x00, 0x00, 0x00, 0x00, 0x00, 0x00, 0x00, 0x00, 0x00, 0x00, 
	0x00, 0x00, 0x00, 0x00, 0x00, 0x00, 0x00, 0x00, 0x00, 0x00, 0x00, 0x00, 0x00, 0x00, 0x00, 0x00, 
	0x00, 0x00, 0x00, 0x00, 0x00, 0x00, 0x00, 0x00, 0x00, 0x00, 0x00, 0x00, 0x00, 0x00, 0x00, 0x00, 
	0x00, 0x00, 0x00, 0x00, 0x00, 0x00, 0x00, 0x00, 0x20, 0xc4, 0x9c, 0x15, 0xac, 0x98, 0xa4, 0x57, 
	0xa4, 0x57, 0xa4, 0x57, 0xb4, 0xb9, 0x4a, 0x0b, 0x00, 0x00, 0x00, 0x00, 0x00, 0x00, 0x00, 0x00, 
	0x10, 0x81, 0xa4, 0x48, 0xbc, 0xe9, 0xdd, 0xeb, 0x41, 0xc3, 0x00, 0x00, 0x00, 0x00, 0x00, 0x00, 
	0x00, 0x00, 0x00, 0x00, 0x00, 0x00, 0x00, 0x00, 0x00, 0x00, 0x00, 0x00, 0x00, 0x00, 0x00, 0x00, 
	0x00, 0x00, 0x00, 0x00, 0x00, 0x00, 0x00, 0x00, 0x00, 0x00, 0x00, 0x00, 0x00, 0x00, 0x00, 0x00, 
	0x00, 0x00, 0x00, 0x00, 0x00, 0x00, 0x00, 0x00, 0x00, 0x00, 0x00, 0x00, 0x00, 0x00, 0x00, 0x00, 
	0x00, 0x00, 0x00, 0x00, 0x00, 0x00, 0x00, 0x00, 0x00, 0x00, 0x20, 0xa2, 0xbb, 0x8c, 0xd3, 0xcd, 
	0xc3, 0xad, 0xc3, 0xad, 0xd3, 0xee, 0x39, 0x04, 0x00, 0x00, 0x00, 0x00, 0x00, 0x00, 0x00, 0x00, 
	0x08, 0x41, 0x85, 0xb7, 0x96, 0x7b, 0x9e, 0xbc, 0x43, 0x0c, 0x00, 0x00, 0x00, 0x00, 0x00, 0x00, 
	0x00, 0x00, 0x00, 0x00, 0x00, 0x00, 0x00, 0x00, 0x00, 0x00, 0x00, 0x00, 0x00, 0x00, 0x00, 0x00, 
	0x00, 0x00, 0x00, 0x00, 0x00, 0x00, 0x00, 0x00, 0x00, 0x00, 0x00, 0x00, 0x00, 0x00, 0x00, 0x00, 
	0x00, 0x00, 0x00, 0x00, 0x00, 0x00, 0x00, 0x00, 0x00, 0x00, 0x00, 0x00, 0x00, 0x00, 0x00, 0x00, 
	0x00, 0x00, 0x00, 0x00, 0x00, 0x00, 0x00, 0x00, 0x00, 0x00, 0x93, 0xc7, 0xf6, 0x6b, 0xdd, 0xca, 
	0xdd, 0xca, 0xdd, 0xca, 0xee, 0x4b, 0x73, 0x05, 0x00, 0x00, 0x00, 0x00, 0x00, 0x00, 0x00, 0x00, 
	0x20, 0xe4, 0xb4, 0xd9, 0xb4, 0xb9, 0xbc, 0xda, 0x39, 0x67, 0x00, 0x00, 0x00, 0x00, 0x00, 0x00, 
	0x00, 0x00, 0x00, 0x00, 0x00, 0x00, 0x00, 0x00, 0x00, 0x00, 0x00, 0x00, 0x00, 0x00, 0x00, 0x00, 
	0x00, 0x00, 0x00, 0x00, 0x00, 0x00, 0x00, 0x00, 0x00, 0x00, 0x00, 0x00, 0x00, 0x00, 0x00, 0x00, 
	0x00, 0x00, 0x00, 0x00, 0x00, 0x00, 0x00, 0x00, 0x00, 0x00, 0x00, 0x00, 0x00, 0x00, 0x00, 0x00, 
	0x00, 0x00, 0x00, 0x00, 0x00, 0x00, 0x00, 0x00, 0x08, 0x61, 0x64, 0x72, 0x96, 0x5a, 0x85, 0xd8, 
	0x85, 0xd8, 0x85, 0xd8, 0x96, 0x3a, 0x64, 0x31, 0x00, 0x00, 0x00, 0x00, 0x00, 0x00, 0x00, 0x00, 
	0x00, 0x00, 0x08, 0x20, 0x18, 0x82, 0x28, 0xc3, 0x00, 0x00, 0x00, 0x00, 0x00, 0x00, 0x00, 0x00, 
	0x00, 0x00, 0x00, 0x00, 0x00, 0x00, 0x00, 0x00, 0x00, 0x00, 0x00, 0x00, 0x00, 0x00, 0x00, 0x00, 
	0x00, 0x00, 0x00, 0x00, 0x00, 0x00, 0x00, 0x00, 0x00, 0x00, 0x00, 0x00, 0x00, 0x00, 0x00, 0x00, 
	0x00, 0x00, 0x00, 0x00, 0x00, 0x00, 0x00, 0x00, 0x00, 0x00, 0x00, 0x00, 0x00, 0x00, 0x00, 0x00, 
	0x00, 0x00, 0x00, 0x00, 0x00, 0x00, 0x00, 0x00, 0x00, 0x00, 0x18, 0xa3, 0x93, 0xf5, 0xb4, 0xb9, 
	0xa4, 0x57, 0xa4, 0x57, 0xac, 0x98, 0x21, 0x05, 0x00, 0x00, 0x00, 0x00, 0x00, 0x00, 0x00, 0x00, 
	0x00, 0x00, 0x00, 0x00, 0x00, 0x00, 0x10, 0x81, 0x08, 0x20, 0x00, 0x00, 0x00, 0x00, 0x00, 0x00, 
	0x00, 0x00, 0x00, 0x00, 0x00, 0x00, 0x00, 0x00, 0x00, 0x00, 0x00, 0x00, 0x00, 0x00, 0x00, 0x00, 
	0x00, 0x00, 0x00, 0x00, 0x00, 0x00, 0x00, 0x00, 0x00, 0x00, 0x00, 0x00, 0x00, 0x00, 0x00, 0x00, 
	0x00, 0x00, 0x00, 0x00, 0x00, 0x00, 0x00, 0x00, 0x00, 0x00, 0x00, 0x00, 0x00, 0x00, 0x00, 0x00, 
	0x00, 0x00, 0x00, 0x00, 0x00, 0x00, 0x00, 0x00, 0x00, 0x00, 0x00, 0x00, 0x28, 0xc3, 0xc3, 0x8d, 
	0xcb, 0xcd, 0xcb, 0xad, 0xc3, 0xad, 0x20, 0x82, 0x00, 0x00, 0x00, 0x00, 0x00, 0x00, 0x00, 0x00, 
	0x00, 0x21, 0x32, 0x29, 0x42, 0xec, 0x5c, 0x10, 0x21, 0x66, 0x00, 0x00, 0x00, 0x00, 0x00, 0x00, 
	0x00, 0x00, 0x00, 0x00, 0x00, 0x00, 0x00, 0x00, 0x00, 0x00, 0x00, 0x00, 0x00, 0x00, 0x00, 0x00, 
	0x00, 0x00, 0x00, 0x00, 0x00, 0x00, 0x00, 0x00, 0x00, 0x00, 0x00, 0x00, 0x00, 0x00, 0x00, 0x00, 
	0x00, 0x00, 0x00, 0x00, 0x00, 0x00, 0x00, 0x00, 0x00, 0x00, 0x00, 0x00, 0x00, 0x00, 0x00, 0x00, 
	0x00, 0x00, 0x00, 0x00, 0x00, 0x00, 0x00, 0x00, 0x00, 0x00, 0x00, 0x00, 0x8b, 0xa6, 0xf6, 0x6b, 
	0xdd, 0xca, 0xdd, 0xca, 0xee, 0x2b, 0x39, 0xa3, 0x00, 0x00, 0x00, 0x00, 0x00, 0x00, 0x00, 0x00, 
	0x10, 0x83, 0x62, 0x8e, 0x73, 0x10, 0x8b, 0x93, 0x18, 0xa3, 0x00, 0x00, 0x00, 0x00, 0x00, 0x00, 
	0x00, 0x00, 0x00, 0x00, 0x00, 0x00, 0x00, 0x00, 0x00, 0x00, 0x00, 0x00, 0x00, 0x00, 0x00, 0x00, 
	0x00, 0x00, 0x00, 0x00, 0x00, 0x00, 0x00, 0x00, 0x00, 0x00, 0x00, 0x00, 0x00, 0x00, 0x00, 0x00, 
	0x00, 0x00, 0x00, 0x00, 0x00, 0x00, 0x00, 0x00, 0x00, 0x00, 0x00, 0x00, 0x00, 0x00, 0x00, 0x00, 
	0x00, 0x00, 0x00, 0x00, 0x00, 0x00, 0x00, 0x00, 0x00, 0x00, 0x00, 0x00, 0x53, 0xaf, 0x96, 0x5a, 
	0x8d, 0xd8, 0x85, 0xd8, 0x96, 0x5a, 0x53, 0x6e, 0x00, 0x00, 0x00, 0x00, 0x00, 0x00, 0x00, 0x00, 
	0x00, 0x00, 0x00, 0x00, 0x00, 0x00, 0x00, 0x00, 0x00, 0x00, 0x00, 0x00, 0x00, 0x00, 0x00, 0x00, 
	0x00, 0x00, 0x00, 0x00, 0x00, 0x00, 0x00, 0x00, 0x00, 0x00, 0x00, 0x00, 0x00, 0x00, 0x00, 0x00, 
	0x00, 0x00, 0x00, 0x00, 0x00, 0x00, 0x00, 0x00, 0x00, 0x00, 0x00, 0x00, 0x00, 0x00, 0x00, 0x00, 
	0x00, 0x00, 0x00, 0x00, 0x00, 0x00, 0x00, 0x00, 0x00, 0x00, 0x00, 0x00, 0x00, 0x00, 0x00, 0x00, 
	0x00, 0x00, 0x00, 0x00, 0x00, 0x00, 0x00, 0x00, 0x00, 0x00, 0x00, 0x00, 0x10, 0x83, 0x93, 0xd4, 
	0xb4, 0xb9, 0xac, 0x78, 0x9b, 0xf5, 0x08, 0x21, 0x00, 0x00, 0x00, 0x00, 0x00, 0x00, 0x00, 0x00, 
	0x00, 0x00, 0x00, 0x00, 0x00, 0x00, 0x00, 0x00, 0x00, 0x00, 0x00, 0x00, 0x00, 0x00, 0x00, 0x00, 
	0x00, 0x00, 0x00, 0x00, 0x00, 0x00, 0x00, 0x00, 0x00, 0x00, 0x00, 0x00, 0x00, 0x00, 0x00, 0x00, 
	0x00, 0x00, 0x00, 0x00, 0x00, 0x00, 0x00, 0x00, 0x00, 0x00, 0x00, 0x00, 0x00, 0x00, 0x00, 0x00, 
	0x00, 0x00, 0x00, 0x00, 0x00, 0x00, 0x00, 0x00, 0x00, 0x00, 0x00, 0x00, 0x00, 0x00, 0x00, 0x00, 
	0x00, 0x00, 0x00, 0x00, 0x00, 0x00, 0x00, 0x00, 0x00, 0x00, 0x00, 0x00, 0x00, 0x00, 0x31, 0x03, 
	0xcb, 0xad, 0xd3, 0xee, 0xb3, 0x4c, 0x08, 0x20, 0x00, 0x00, 0x00, 0x00, 0x00, 0x00, 0x00, 0x00, 
	0x00, 0x00, 0x00, 0x00, 0x00, 0x00, 0x00, 0x00, 0x00, 0x00, 0x00, 0x00, 0x00, 0x00, 0x00, 0x00, 
	0x00, 0x00, 0x00, 0x00, 0x00, 0x00, 0x00, 0x00, 0x00, 0x00, 0x00, 0x00, 0x00, 0x00, 0x00, 0x00, 
	0x00, 0x00, 0x00, 0x00, 0x00, 0x00, 0x00, 0x00, 0x00, 0x00, 0x00, 0x00, 0x00, 0x00, 0x00, 0x00, 
	0x00, 0x00, 0x00, 0x00, 0x00, 0x00, 0x00, 0x00, 0x00, 0x00, 0x00, 0x00, 0x00, 0x00, 0x00, 0x00, 
	0x00, 0x00, 0x00, 0x00, 0x00, 0x00, 0x00, 0x00, 0x00, 0x00, 0x00, 0x00, 0x00, 0x00, 0x83, 0x66, 
	0xf6, 0x6b, 0xe5, 0xeb, 0xd5, 0x8a, 0x10, 0x81, 0x00, 0x00, 0x00, 0x00, 0x00, 0x00, 0x00, 0x00, 
	0x00, 0x00, 0x00, 0x00, 0x00, 0x00, 0x00, 0x00, 0x00, 0x00, 0x00, 0x00, 0x00, 0x00, 0x00, 0x00, 
	0x00, 0x00, 0x00, 0x00, 0x00, 0x00, 0x00, 0x00, 0x00, 0x00, 0x00, 0x00, 0x00, 0x00, 0x00, 0x00, 
	0x00, 0x00, 0x00, 0x00, 0x00, 0x00, 0x00, 0x00, 0x00, 0x00, 0x00, 0x00, 0x00, 0x00, 0x00, 0x00, 
	0x00, 0x00, 0x00, 0x00, 0x00, 0x00, 0x00, 0x00, 0x00, 0x00, 0x00, 0x00, 0x00, 0x00, 0x00, 0x00, 
	0x00, 0x00, 0x00, 0x00, 0x00, 0x00, 0x00, 0x00, 0x00, 0x00, 0x00, 0x00, 0x00, 0x00, 0x42, 0xec, 
	0x96, 0x3a, 0x8d, 0xf9, 0x96, 0x5a, 0x3a, 0xab, 0x00, 0x00, 0x00, 0x00, 0x00, 0x00, 0x00, 0x00, 
	0x00, 0x00, 0x5a, 0x44, 0x73, 0x05, 0x00, 0x00, 0x00, 0x00, 0x00, 0x00, 0x00, 0x00, 0x00, 0x00, 
	0x00, 0x00, 0x00, 0x00, 0x00, 0x00, 0x00, 0x00, 0x00, 0x00, 0x00, 0x00, 0x00, 0x00, 0x00, 0x00, 
	0x00, 0x00, 0x00, 0x00, 0x00, 0x00, 0x00, 0x00, 0x00, 0x00, 0x00, 0x00, 0x00, 0x00, 0x00, 0x00, 
	0x00, 0x00, 0x00, 0x00, 0x00, 0x00, 0x00, 0x00, 0x00, 0x00, 0x00, 0x00, 0x00, 0x00, 0x00, 0x00, 
	0x00, 0x00, 0x00, 0x00, 0x00, 0x00, 0x00, 0x00, 0x00, 0x00, 0x00, 0x00, 0x00, 0x00, 0x10, 0x62, 
	0x8b, 0xb4, 0xc5, 0x1b, 0x7b, 0x31, 0x00, 0x00, 0x00, 0x00, 0x00, 0x00, 0x00, 0x00, 0x00, 0x00, 
	0x10, 0xe3, 0x74, 0xd4, 0x21, 0xa6, 0x00, 0x00, 0x00, 0x00, 0x00, 0x00, 0x00, 0x00, 0x00, 0x00, 
	0x00, 0x00, 0x00, 0x00, 0x00, 0x00, 0x00, 0x00, 0x00, 0x00, 0x00, 0x00, 0x00, 0x00, 0x00, 0x00, 
	0x00, 0x00, 0x00, 0x00, 0x00, 0x00, 0x00, 0x00, 0x00, 0x00, 0x00, 0x00, 0x00, 0x00, 0x00, 0x00, 
	0x00, 0x00, 0x00, 0x00, 0x00, 0x00, 0x00, 0x00, 0x00, 0x00, 0x00, 0x00, 0x00, 0x00, 0x00, 0x00, 
	0x00, 0x00, 0x00, 0x00, 0x00, 0x00, 0x00, 0x00, 0x00, 0x00, 0x00, 0x00, 0x00, 0x00, 0x00, 0x00, 
	0x41, 0x24, 0xdc, 0x0e, 0xab, 0x2b, 0x00, 0x00, 0x00, 0x00, 0x00, 0x00, 0x00, 0x00, 0x00, 0x00, 
	0x00, 0x00, 0x41, 0xc9, 0x83, 0x93, 0x08, 0x41, 0x00, 0x00, 0x00, 0x00, 0x00, 0x00, 0x00, 0x00, 
	0x00, 0x00, 0x00, 0x00, 0x00, 0x00, 0x00, 0x00, 0x00, 0x00, 0x00, 0x00, 0x00, 0x00, 0x00, 0x00, 
	0x00, 0x00, 0x00, 0x00, 0x00, 0x00, 0x00, 0x00, 0x00, 0x00, 0x00, 0x00, 0x00, 0x00, 0x00, 0x00, 
	0x00, 0x00, 0x00, 0x00, 0x00, 0x00, 0x00, 0x00, 0x00, 0x00, 0x00, 0x00, 0x00, 0x00, 0x00, 0x00, 
	0x00, 0x00, 0x00, 0x00, 0x00, 0x00, 0x00, 0x00, 0x00, 0x00, 0x00, 0x00, 0x00, 0x00, 0x00, 0x00, 
	0x7b, 0x46, 0xfe, 0xcc, 0xb4, 0xc8, 0x00, 0x00, 0x00, 0x00, 0x00, 0x00, 0x00, 0x00, 0x00, 0x00, 
	0x00, 0x00, 0x49, 0x65, 0x49, 0x64, 0x00, 0x00, 0x00, 0x00, 0x00, 0x00, 0x00, 0x00, 0x00, 0x00, 
	0x00, 0x00, 0x00, 0x00, 0x00, 0x00, 0x00, 0x00, 0x00, 0x00, 0x00, 0x00, 0x00, 0x00, 0x00, 0x00, 
	0x00, 0x00, 0x00, 0x00, 0x00, 0x00, 0x00, 0x00, 0x00, 0x00, 0x00, 0x00, 0x00, 0x00, 0x00, 0x00, 
	0x00, 0x00, 0x00, 0x00, 0x00, 0x00, 0x00, 0x00, 0x00, 0x00, 0x00, 0x00, 0x00, 0x00, 0x00, 0x00, 
	0x00, 0x00, 0x00, 0x00, 0x00, 0x00, 0x00, 0x00, 0x00, 0x00, 0x00, 0x00, 0x00, 0x00, 0x00, 0x00, 
	0x32, 0x29, 0x8d, 0xf8, 0x9e, 0x9b, 0x29, 0xe8, 0x00, 0x00, 0x00, 0x00, 0x00, 0x00, 0x00, 0x00, 
	0x00, 0x00, 0xb4, 0xc8, 0xfe, 0xcc, 0x7b, 0x46, 0x00, 0x00, 0x00, 0x00, 0x00, 0x00, 0x00, 0x00, 
	0x00, 0x00, 0x00, 0x00, 0x00, 0x00, 0x00, 0x00, 0x00, 0x00, 0x00, 0x00, 0x00, 0x00, 0x00, 0x00, 
	0x00, 0x00, 0x00, 0x00, 0x00, 0x00, 0x00, 0x00, 0x00, 0x00, 0x00, 0x00, 0x00, 0x00, 0x00, 0x00, 
	0x00, 0x00, 0x00, 0x00, 0x00, 0x00, 0x00, 0x00, 0x00, 0x00, 0x00, 0x00, 0x00, 0x00, 0x00, 0x00, 
	0x00, 0x00, 0x00, 0x00, 0x00, 0x00, 0x00, 0x00, 0x00, 0x00, 0x00, 0x00, 0x00, 0x00, 0x00, 0x00, 
	0x08, 0x41, 0x83, 0x93, 0x41, 0xc9, 0x00, 0x00, 0x00, 0x00, 0x00, 0x00, 0x00, 0x00, 0x00, 0x00, 
	0x29, 0xe8, 0x9e, 0x9b, 0x8d, 0xf8, 0x32, 0x29, 0x00, 0x00, 0x00, 0x00, 0x00, 0x00, 0x00, 0x00, 
	0x00, 0x00, 0x00, 0x00, 0x00, 0x00, 0x00, 0x00, 0x00, 0x00, 0x00, 0x00, 0x00, 0x00, 0x00, 0x00, 
	0x00, 0x00, 0x00, 0x00, 0x00, 0x00, 0x00, 0x00, 0x00, 0x00, 0x00, 0x00, 0x00, 0x00, 0x00, 0x00, 
	0x00, 0x00, 0x00, 0x00, 0x00, 0x00, 0x00, 0x00, 0x00, 0x00, 0x00, 0x00, 0x00, 0x00, 0x00, 0x00, 
	0x00, 0x00, 0x00, 0x00, 0x00, 0x00, 0x00, 0x00, 0x00, 0x00, 0x00, 0x00, 0x00, 0x00, 0x00, 0x00, 
	0x00, 0x00, 0x49, 0x64, 0x49, 0x65, 0x00, 0x00, 0x00, 0x00, 0x00, 0x00, 0x00, 0x00, 0x00, 0x00, 
	0x00, 0x00, 0x7b, 0x31, 0xc5, 0x1b, 0x8b, 0xb4, 0x10, 0x62, 0x00, 0x00, 0x00, 0x00, 0x00, 0x00, 
	0x00, 0x00, 0x00, 0x00, 0x00, 0x00, 0x00, 0x00, 0x00, 0x00, 0x00, 0x00, 0x00, 0x00, 0x00, 0x00, 
	0x00, 0x00, 0x00, 0x00, 0x00, 0x00, 0x00, 0x00, 0x00, 0x00, 0x00, 0x00, 0x00, 0x00, 0x00, 0x00, 
	0x00, 0x00, 0x00, 0x00, 0x00, 0x00, 0x00, 0x00, 0x00, 0x00, 0x00, 0x00, 0x00, 0x00, 0x00, 0x00, 
	0x00, 0x00, 0x00, 0x00, 0x00, 0x00, 0x00, 0x00, 0x00, 0x00, 0x00, 0x00, 0x00, 0x00, 0x00, 0x00, 
	0x00, 0x00, 0x73, 0x05, 0x5a, 0x44, 0x00, 0x00, 0x00, 0x00, 0x00, 0x00, 0x00, 0x00, 0x00, 0x00, 
	0x00, 0x00, 0xab, 0x2b, 0xdc, 0x0e, 0x41, 0x24, 0x00, 0x00, 0x00, 0x00, 0x00, 0x00, 0x00, 0x00, 
	0x00, 0x00, 0x00, 0x00, 0x00, 0x00, 0x00, 0x00, 0x00, 0x00, 0x00, 0x00, 0x00, 0x00, 0x00, 0x00, 
	0x00, 0x00, 0x00, 0x00, 0x00, 0x00, 0x00, 0x00, 0x00, 0x00, 0x00, 0x00, 0x00, 0x00, 0x00, 0x00, 
	0x00, 0x00, 0x00, 0x00, 0x00, 0x00, 0x00, 0x00, 0x00, 0x00, 0x00, 0x00, 0x00, 0x00, 0x00, 0x00, 
	0x00, 0x00, 0x00, 0x00, 0x00, 0x00, 0x00, 0x00, 0x00, 0x00, 0x00, 0x00, 0x00, 0x00, 0x00, 0x00, 
	0x00, 0x00, 0x21, 0xa6, 0x74, 0xd4, 0x10, 0xe3, 0x00, 0x00, 0x00, 0x00, 0x00, 0x00, 0x00, 0x00, 
	0x10, 0x81, 0xd5, 0x8a, 0xe5, 0xeb, 0xf6, 0x6b, 0x83, 0x66, 0x00, 0x00, 0x00, 0x00, 0x00, 0x00, 
	0x00, 0x00, 0x00, 0x00, 0x00, 0x00, 0x00, 0x00, 0x00, 0x00, 0x00, 0x00, 0x00, 0x00, 0x00, 0x00, 
	0x00, 0x00, 0x00, 0x00, 0x00, 0x00, 0x00, 0x00, 0x00, 0x00, 0x00, 0x00, 0x00, 0x00, 0x00, 0x00, 
	0x00, 0x00, 0x00, 0x00, 0x00, 0x00, 0x00, 0x00, 0x00, 0x00, 0x00, 0x00, 0x00, 0x00, 0x00, 0x00, 
	0x00, 0x00, 0x00, 0x00, 0x00, 0x00, 0x00, 0x00, 0x00, 0x00, 0x00, 0x00, 0x00, 0x00, 0x00, 0x00, 
	0x00, 0x00, 0x00, 0x00, 0x00, 0x00, 0x00, 0x00, 0x00, 0x00, 0x00, 0x00, 0x00, 0x00, 0x00, 0x00, 
	0x3a, 0xab, 0x96, 0x5a, 0x8d, 0xf9, 0x96, 0x3a, 0x42, 0xec, 0x00, 0x00, 0x00, 0x00, 0x00, 0x00, 
	0x00, 0x00, 0x00, 0x00, 0x00, 0x00, 0x00, 0x00, 0x00, 0x00, 0x00, 0x00, 0x00, 0x00, 0x00, 0x00, 
	0x00, 0x00, 0x00, 0x00, 0x00, 0x00, 0x00, 0x00, 0x00, 0x00, 0x00, 0x00, 0x00, 0x00, 0x00, 0x00, 
	0x00, 0x00, 0x00, 0x00, 0x00, 0x00, 0x00, 0x00, 0x00, 0x00, 0x00, 0x00, 0x00, 0x00, 0x00, 0x00, 
	0x00, 0x00, 0x00, 0x00, 0x00, 0x00, 0x00, 0x00, 0x00, 0x00, 0x00, 0x00, 0x00, 0x00, 0x00, 0x00, 
	0x00, 0x00, 0x00, 0x00, 0x00, 0x00, 0x00, 0x00, 0x00, 0x00, 0x00, 0x00, 0x00, 0x00, 0x00, 0x00, 
	0x08, 0x21, 0x9b, 0xf5, 0xac, 0x78, 0xb4, 0xb9, 0x93, 0xd4, 0x10, 0x83, 0x00, 0x00, 0x00, 0x00, 
	0x00, 0x00, 0x00, 0x00, 0x00, 0x00, 0x00, 0x00, 0x00, 0x00, 0x00, 0x00, 0x00, 0x00, 0x00, 0x00, 
	0x00, 0x00, 0x00, 0x00, 0x00, 0x00, 0x00, 0x00, 0x00, 0x00, 0x00, 0x00, 0x00, 0x00, 0x00, 0x00, 
	0x00, 0x00, 0x00, 0x00, 0x00, 0x00, 0x00, 0x00, 0x00, 0x00, 0x00, 0x00, 0x00, 0x00, 0x00, 0x00, 
	0x00, 0x00, 0x00, 0x00, 0x00, 0x00, 0x00, 0x00, 0x00, 0x00, 0x00, 0x00, 0x00, 0x00, 0x00, 0x00, 
	0x00, 0x00, 0x00, 0x00, 0x00, 0x00, 0x00, 0x00, 0x00, 0x00, 0x00, 0x00, 0x00, 0x00, 0x00, 0x00, 
	0x08, 0x20, 0xb3, 0x4c, 0xd3, 0xee, 0xcb, 0xad, 0x31, 0x03, 0x00, 0x00, 0x00, 0x00, 0x00, 0x00, 
	0x00, 0x00, 0x00, 0x00, 0x00, 0x00, 0x00, 0x00, 0x00, 0x00, 0x00, 0x00, 0x00, 0x00, 0x00, 0x00, 
	0x00, 0x00, 0x00, 0x00, 0x00, 0x00, 0x00, 0x00, 0x00, 0x00, 0x00, 0x00, 0x00, 0x00, 0x00, 0x00, 
	0x00, 0x00, 0x00, 0x00, 0x00, 0x00, 0x00, 0x00, 0x00, 0x00, 0x00, 0x00, 0x00, 0x00, 0x00, 0x00, 
	0x00, 0x00, 0x00, 0x00, 0x00, 0x00, 0x00, 0x00, 0x00, 0x00, 0x00, 0x00, 0x00, 0x00, 0x00, 0x00, 
	0x00, 0x00, 0x00, 0x00, 0x00, 0x00, 0x00, 0x00, 0x00, 0x00, 0x00, 0x00, 0x00, 0x00, 0x00, 0x00, 
	0x39, 0xa3, 0xee, 0x2b, 0xdd, 0xca, 0xdd, 0xca, 0xf6, 0x6b, 0x8b, 0xa6, 0x00, 0x00, 0x00, 0x00, 
	0x00, 0x00, 0x00, 0x00, 0x00, 0x00, 0x00, 0x00, 0x00, 0x00, 0x00, 0x00, 0x00, 0x00, 0x00, 0x00, 
	0x00, 0x00, 0x00, 0x00, 0x00, 0x00, 0x00, 0x00, 0x00, 0x00, 0x00, 0x00, 0x00, 0x00, 0x00, 0x00, 
	0x00, 0x00, 0x00, 0x00, 0x00, 0x00, 0x00, 0x00, 0x00, 0x00, 0x00, 0x00, 0x00, 0x00, 0x00, 0x00, 
	0x00, 0x00, 0x00, 0x00, 0x00, 0x00, 0x00, 0x00, 0x00, 0x00, 0x00, 0x00, 0x00, 0x00, 0x21, 0x66, 
	0x5c, 0x10, 0x42, 0xec, 0x32, 0x29, 0x00, 0x21, 0x00, 0x00, 0x00, 0x00, 0x00, 0x00, 0x00, 0x00, 
	0x53, 0x6e, 0x96, 0x5a, 0x85, 0xd8, 0x8d, 0xd8, 0x96, 0x5a, 0x53, 0xaf, 0x00, 0x00, 0x00, 0x00, 
	0x00, 0x00, 0x00, 0x00, 0x00, 0x00, 0x00, 0x00, 0x00, 0x00, 0x00, 0x00, 0x00, 0x00, 0x00, 0x00, 
	0x00, 0x00, 0x00, 0x00, 0x00, 0x00, 0x00, 0x00, 0x00, 0x00, 0x00, 0x00, 0x00, 0x00, 0x00, 0x00, 
	0x00, 0x00, 0x00, 0x00, 0x00, 0x00, 0x00, 0x00, 0x00, 0x00, 0x00, 0x00, 0x00, 0x00, 0x00, 0x00, 
	0x00, 0x00, 0x00, 0x00, 0x00, 0x00, 0x00, 0x00, 0x00, 0x00, 0x00, 0x00, 0x00, 0x00, 0x18, 0xa3, 
	0x8b, 0x93, 0x73, 0x10, 0x62, 0x8e, 0x10, 0x83, 0x00, 0x00, 0x00, 0x00, 0x00, 0x00, 0x00, 0x00, 
	0x21, 0x05, 0xac, 0x98, 0xa4, 0x57, 0xa4, 0x57, 0xb4, 0xb9, 0x93, 0xf5, 0x18, 0xa3, 0x00, 0x00, 
	0x00, 0x00, 0x00, 0x00, 0x00, 0x00, 0x00, 0x00, 0x00, 0x00, 0x00, 0x00, 0x00, 0x00, 0x00, 0x00, 
	0x00, 0x00, 0x00, 0x00, 0x00, 0x00, 0x00, 0x00, 0x00, 0x00, 0x00, 0x00, 0x00, 0x00, 0x00, 0x00, 
	0x00, 0x00, 0x00, 0x00, 0x00, 0x00, 0x00, 0x00, 0x00, 0x00, 0x00, 0x00, 0x00, 0x00, 0x00, 0x00, 
	0x00, 0x00, 0x00, 0x00, 0x00, 0x00, 0x00, 0x00, 0x00, 0x00, 0x00, 0x00, 0x00, 0x00, 0x00, 0x00, 
	0x28, 0xc3, 0x18, 0x82, 0x08, 0x20, 0x00, 0x00, 0x00, 0x00, 0x00, 0x00, 0x00, 0x00, 0x00, 0x00, 
	0x20, 0x82, 0xc3, 0xad, 0xcb, 0xad, 0xcb, 0xcd, 0xc3, 0x8d, 0x28, 0xc3, 0x00, 0x00, 0x00, 0x00, 
	0x00, 0x00, 0x00, 0x00, 0x00, 0x00, 0x00, 0x00, 0x00, 0x00, 0x00, 0x00, 0x00, 0x00, 0x00, 0x00, 
	0x00, 0x00, 0x00, 0x00, 0x00, 0x00, 0x00, 0x00, 0x00, 0x00, 0x00, 0x00, 0x00, 0x00, 0x00, 0x00, 
	0x00, 0x00, 0x00, 0x00, 0x00, 0x00, 0x00, 0x00, 0x00, 0x00, 0x00, 0x00, 0x00, 0x00, 0x00, 0x00, 
	0x00, 0x00, 0x00, 0x00, 0x00, 0x00, 0x00, 0x00, 0x00, 0x00, 0x00, 0x00, 0x00, 0x00, 0x08, 0x20, 
	0x10, 0x81, 0x00, 0x00, 0x00, 0x00, 0x00, 0x00, 0x00, 0x00, 0x00, 0x00, 0x00, 0x00, 0x00, 0x00, 
	0x73, 0x05, 0xee, 0x4b, 0xdd, 0xca, 0xdd, 0xca, 0xdd, 0xca, 0xf6, 0x6b, 0x93, 0xc7, 0x00, 0x00, 
	0x00, 0x00, 0x00, 0x00, 0x00, 0x00, 0x00, 0x00, 0x00, 0x00, 0x00, 0x00, 0x00, 0x00, 0x00, 0x00, 
	0x00, 0x00, 0x00, 0x00, 0x00, 0x00, 0x00, 0x00, 0x00, 0x00, 0x00, 0x00, 0x00, 0x00, 0x00, 0x00, 
	0x00, 0x00, 0x00, 0x00, 0x00, 0x00, 0x00, 0x00, 0x00, 0x00, 0x00, 0x00, 0x00, 0x00, 0x00, 0x00, 
	0x00, 0x00, 0x00, 0x00, 0x00, 0x00, 0x00, 0x00, 0x00, 0x00, 0x00, 0x00, 0x00, 0x00, 0x43, 0x0c, 
	0x9e, 0xbc, 0x96, 0x7b, 0x85, 0xb7, 0x08, 0x41, 0x00, 0x00, 0x00, 0x00, 0x00, 0x00, 0x00, 0x00, 
	0x64, 0x31, 0x96, 0x3a, 0x85, 0xd8, 0x85, 0xd8, 0x85, 0xd8, 0x96, 0x5a, 0x64, 0x72, 0x08, 0x61, 
	0x00, 0x00, 0x00, 0x00, 0x00, 0x00, 0x00, 0x00, 0x00, 0x00, 0x00, 0x00, 0x00, 0x00, 0x00, 0x00, 
	0x00, 0x00, 0x00, 0x00, 0x00, 0x00, 0x00, 0x00, 0x00, 0x00, 0x00, 0x00, 0x00, 0x00, 0x00, 0x00, 
	0x00, 0x00, 0x00, 0x00, 0x00, 0x00, 0x00, 0x00, 0x00, 0x00, 0x00, 0x00, 0x00, 0x00, 0x00, 0x00, 
	0x00, 0x00, 0x00, 0x00, 0x00, 0x00, 0x00, 0x00, 0x00, 0x00, 0x00, 0x00, 0x00, 0x00, 0x39, 0x67, 
	0xbc, 0xda, 0xb4, 0xb9, 0xb4, 0xd9, 0x20, 0xe4, 0x00, 0x00, 0x00, 0x00, 0x00, 0x00, 0x00, 0x00, 
	0x4a, 0x0b, 0xb4, 0xb9, 0xa4, 0x57, 0xa4, 0x57, 0xa4, 0x57, 0xac, 0x98, 0x9c, 0x15, 0x20, 0xc4, 
	0x00, 0x00, 0x00, 0x00, 0x00, 0x00, 0x00, 0x00, 0x00, 0x00, 0x00, 0x00, 0x00, 0x00, 0x00, 0x00, 
	0x00, 0x00, 0x00, 0x00, 0x00, 0x00, 0x00, 0x00, 0x00, 0x00, 0x00, 0x00, 0x00, 0x00, 0x00, 0x00, 
	0x00, 0x00, 0x00, 0x00, 0x00, 0x00, 0x00, 0x00, 0x00, 0x00, 0x00, 0x00, 0x00, 0x00, 0x00, 0x00, 
	0x00, 0x00, 0x00, 0x00, 0x00, 0x00, 0x00, 0x00, 0x00, 0x00, 0x00, 0x00, 0x00, 0x00, 0x10, 0x61, 
	0xcb, 0xad, 0xc3, 0xad, 0xc3, 0x8c, 0x41, 0x24, 0x00, 0x00, 0x00, 0x00, 0x00, 0x00, 0x00, 0x00, 
	0x39, 0x04, 0xd3, 0xee, 0xc3, 0xad, 0xc3, 0xad, 0xd3, 0xcd, 0xbb, 0x8c, 0x20, 0xa2, 0x00, 0x00, 
	0x00, 0x00, 0x00, 0x00, 0x00, 0x00, 0x00, 0x00, 0x00, 0x00, 0x00, 0x00, 0x00, 0x00, 0x00, 0x00, 
	0x00, 0x00, 0x00, 0x00, 0x00, 0x00, 0x00, 0x00, 0x00, 0x00, 0x00, 0x00, 0x00, 0x00, 0x00, 0x00, 
	0x00, 0x00, 0x00, 0x00, 0x00, 0x00, 0x00, 0x00, 0x00, 0x00, 0x00, 0x00, 0x00, 0x00, 0x00, 0x00, 
	0x00, 0x00, 0x00, 0x00, 0x00, 0x00, 0x00, 0x00, 0x00, 0x00, 0x00, 0x00, 0x00, 0x00, 0x41, 0xc3, 
	0xdd, 0xeb, 0xbc, 0xe9, 0xa4, 0x48, 0x10, 0x81, 0x00, 0x00, 0x00, 0x00, 0x00, 0x00, 0x00, 0x00, 
	0xa4, 0x68, 0xee, 0x2b, 0xdd, 0xca, 0xdd, 0xca, 0xdd, 0xca, 0xdd, 0xca, 0xf6, 0x6b, 0x94, 0x07, 
	0x00, 0x00, 0x00, 0x00, 0x00, 0x00, 0x00, 0x00, 0x00, 0x00, 0x00, 0x00, 0x00, 0x00, 0x00, 0x00, 
	0x00, 0x00, 0x00, 0x00, 0x00, 0x00, 0x00, 0x00, 0x00, 0x00, 0x00, 0x00, 0x00, 0x00, 0x00, 0x00, 
	0x00, 0x00, 0x00, 0x00, 0x00, 0x00, 0x00, 0x00, 0x00, 0x00, 0x00, 0x00, 0x00, 0x00, 0x00, 0x00, 
	0x00, 0x00, 0x00, 0x00, 0x00, 0x00, 0x00, 0x00, 0x00, 0x00, 0x00, 0x00, 0x00, 0x00, 0x64, 0x31, 
	0x96, 0x39, 0x8e, 0x39, 0x64, 0x72, 0x00, 0x00, 0x00, 0x00, 0x00, 0x00, 0x00, 0x00, 0x00, 0x00, 
	0x6c, 0xd4, 0x8e, 0x19, 0x85, 0xd8, 0x85, 0xd8, 0x85, 0xd8, 0x85, 0xd8, 0x96, 0x5a, 0x75, 0x35, 
	0x10, 0xe3, 0x00, 0x00, 0x00, 0x00, 0x00, 0x00, 0x00, 0x00, 0x00, 0x00, 0x00, 0x00, 0x00, 0x00, 
	0x00, 0x00, 0x00, 0x00, 0x00, 0x00, 0x00, 0x00, 0x00, 0x00, 0x00, 0x00, 0x00, 0x00, 0x00, 0x00, 
	0x00, 0x00, 0x00, 0x00, 0x00, 0x00, 0x00, 0x00, 0x00, 0x00, 0x00, 0x00, 0x00, 0x00, 0x00, 0x00, 
	0x00, 0x00, 0x00, 0x00, 0x00, 0x00, 0x00, 0x00, 0x00, 0x00, 0x00, 0x00, 0x00, 0x00, 0x5a, 0x8d, 
	0xb4, 0xb9, 0xac, 0x78, 0x93, 0xd5, 0x00, 0x21, 0x00, 0x00, 0x00, 0x00, 0x00, 0x00, 0x00, 0x00, 
	0x73, 0x10, 0xb4, 0x98, 0xa4, 0x57, 0xa4, 0x57, 0xa4, 0x57, 0xa4, 0x57, 0xac, 0x98, 0x9c, 0x16, 
	0x21, 0x05, 0x00, 0x00, 0x00, 0x00, 0x00, 0x00, 0x00, 0x00, 0x00, 0x00, 0x00, 0x00, 0x00, 0x00, 
	0x00, 0x00, 0x00, 0x00, 0x00, 0x00, 0x00, 0x00, 0x00, 0x00, 0x00, 0x00, 0x00, 0x00, 0x00, 0x00, 
	0x00, 0x00, 0x00, 0x00, 0x00, 0x00, 0x00, 0x00, 0x00, 0x00, 0x00, 0x00, 0x00, 0x00, 0x00, 0x00, 
	0x00, 0x00, 0x00, 0x00, 0x00, 0x00, 0x00, 0x00, 0x00, 0x00, 0x00, 0x00, 0x00, 0x00, 0x39, 0x04, 
	0xd3, 0xee, 0xcb, 0xad, 0xd3, 0xee, 0x30, 0xe3, 0x00, 0x00, 0x00, 0x00, 0x00, 0x00, 0x00, 0x00, 
	0x59, 0xa6, 0xd3, 0xee, 0xc3, 0xad, 0xc3, 0xad, 0xc3, 0xad, 0xd3, 0xee, 0xbb, 0x4c, 0x18, 0x81, 
	0x00, 0x00, 0x00, 0x00, 0x00, 0x00, 0x00, 0x00, 0x00, 0x00, 0x00, 0x00, 0x00, 0x00, 0x00, 0x00, 
	0x00, 0x00, 0x00, 0x00, 0x00, 0x00, 0x00, 0x00, 0x00, 0x00, 0x00, 0x00, 0x00, 0x00, 0x00, 0x00, 
	0x00, 0x00, 0x00, 0x00, 0x00, 0x00, 0x00, 0x00, 0x00, 0x00, 0x00, 0x00, 0x00, 0x00, 0x00, 0x00, 
	0x00, 0x00, 0x00, 0x00, 0x00, 0x00, 0x00, 0x00, 0x00, 0x00, 0x00, 0x00, 0x00, 0x00, 0x73, 0x25, 
	0xf6, 0x6c, 0xee, 0x2b, 0xdd, 0xaa, 0x08, 0x60, 0x00, 0x00, 0x00, 0x00, 0x00, 0x00, 0x08, 0x60, 
	0xcd, 0x69, 0xe5, 0xeb, 0xdd, 0xca, 0xdd, 0xca, 0xdd, 0xca, 0xdd, 0xca, 0xdd, 0xca, 0xf6, 0x6b, 
	0x9c, 0x27, 0x00, 0x20, 0x00, 0x00, 0x00, 0x00, 0x00, 0x00, 0x00, 0x00, 0x00, 0x00, 0x00, 0x00, 
	0x00, 0x00, 0x00, 0x00, 0x00, 0x00, 0x00, 0x00, 0x00, 0x00, 0x00, 0x00, 0x00, 0x00, 0x00, 0x00, 
	0x00, 0x00, 0x00, 0x00, 0x00, 0x00, 0x00, 0x00, 0x00, 0x00, 0x00, 0x00, 0x00, 0x00, 0x00, 0x00, 
	0x00, 0x00, 0x00, 0x00, 0x00, 0x00, 0x00, 0x00, 0x00, 0x00, 0x00, 0x00, 0x08, 0x62, 0x7d, 0x97, 
	0x8d, 0xf8, 0x96, 0x5a, 0x43, 0x0c, 0x00, 0x00, 0x00, 0x00, 0x00, 0x00, 0x00, 0x00, 0x08, 0x61, 
	0x7d, 0x76, 0x8d, 0xf9, 0x85, 0xd8, 0x85, 0xd8, 0x85, 0xd8, 0x85, 0xd8, 0x85, 0xd8, 0x96, 0x3a, 
	0x85, 0xb7, 0x21, 0x86, 0x00, 0x00, 0x00, 0x00, 0x00, 0x00, 0x00, 0x00, 0x00, 0x00, 0x00, 0x00, 
	0x00, 0x00, 0x00, 0x00, 0x00, 0x00, 0x00, 0x00, 0x00, 0x00, 0x00, 0x00, 0x00, 0x00, 0x00, 0x00, 
	0x00, 0x00, 0x00, 0x00, 0x00, 0x00, 0x00, 0x00, 0x00, 0x00, 0x00, 0x00, 0x00, 0x00, 0x00, 0x00, 
	0x00, 0x00, 0x00, 0x00, 0x00, 0x00, 0x00, 0x00, 0x00, 0x00, 0x00, 0x00, 0x00, 0x00, 0x8b, 0xb3, 
	0xac, 0x98, 0xb4, 0xb9, 0x73, 0x10, 0x00, 0x00, 0x00, 0x00, 0x00, 0x00, 0x00, 0x00, 0x08, 0x21, 
	0x9b, 0xf5, 0xac, 0x78, 0xa4, 0x57, 0xa4, 0x57, 0xa4, 0x57, 0xa4, 0x57, 0xa4, 0x57, 0xac, 0x98, 
	0xa4, 0x37, 0x29, 0x26, 0x00, 0x00, 0x00, 0x00, 0x00, 0x00, 0x00, 0x00, 0x00, 0x00, 0x00, 0x00, 
	0x00, 0x00, 0x00, 0x00, 0x00, 0x00, 0x00, 0x00, 0x00, 0x00, 0x00, 0x00, 0x00, 0x00, 0x00, 0x00, 
	0x00, 0x00, 0x00, 0x00, 0x00, 0x00, 0x00, 0x00, 0x00, 0x00, 0x00, 0x00, 0x00, 0x00, 0x00, 0x00, 
	0x00, 0x00, 0x00, 0x00, 0x00, 0x00, 0x00, 0x00, 0x00, 0x00, 0x00, 0x00, 0x00, 0x00, 0x72, 0x27, 
	0xd3, 0xee, 0xcb, 0xcd, 0xb3, 0x4c, 0x08, 0x20, 0x00, 0x00, 0x00, 0x00, 0x00, 0x00, 0x00, 0x00, 
	0x7a, 0x28, 0xd3, 0xee, 0xc3, 0xad, 0xc3, 0xad, 0xc3, 0xad, 0xc3, 0xad, 0xd3, 0xee, 0xb3, 0x4b, 
	0x10, 0x61, 0x00, 0x00, 0x00, 0x00, 0x00, 0x00, 0x00, 0x00, 0x00, 0x00, 0x00, 0x00, 0x00, 0x00, 
	0x00, 0x00, 0x00, 0x00, 0x00, 0x00, 0x00, 0x00, 0x00, 0x00, 0x00, 0x00, 0x00, 0x00, 0x00, 0x00, 
	0x00, 0x00, 0x00, 0x00, 0x00, 0x00, 0x00, 0x00, 0x00, 0x00, 0x00, 0x00, 0x00, 0x00, 0x00, 0x00, 
	0x00, 0x00, 0x00, 0x00, 0x00, 0x00, 0x00, 0x00, 0x00, 0x00, 0x00, 0x00, 0x00, 0x00, 0xac, 0x88, 
	0xe6, 0x2b, 0xee, 0x2b, 0xa4, 0x48, 0x00, 0x00, 0x00, 0x00, 0x00, 0x00, 0x00, 0x00, 0x39, 0x82, 
	0xe6, 0x2b, 0xdd, 0xca, 0xdd, 0xca, 0xdd, 0xca, 0xdd, 0xca, 0xdd, 0xca, 0xdd, 0xca, 0xdd, 0xca, 
	0xee, 0x4b, 0xa4, 0x48, 0x08, 0x40, 0x00, 0x00, 0x00, 0x00, 0x00, 0x00, 0x00, 0x00, 0x00, 0x00, 
	0x00, 0x00, 0x00, 0x00, 0x00, 0x00, 0x00, 0x00, 0x00, 0x00, 0x00, 0x00, 0x00, 0x00, 0x00, 0x00, 
	0x00, 0x00, 0x00, 0x00, 0x00, 0x00, 0x00, 0x00, 0x00, 0x00, 0x00, 0x00, 0x00, 0x00, 0x00, 0x00, 
	0x00, 0x00, 0x00, 0x00, 0x00, 0x00, 0x00, 0x00, 0x00, 0x00, 0x00, 0x00, 0x32, 0x49, 0x96, 0x5a, 
	0x8d, 0xd8, 0x8e, 0x19, 0x19, 0x45, 0x00, 0x00, 0x00, 0x00, 0x00, 0x00, 0x00, 0x00, 0x10, 0xe4, 
	0x8d, 0xd8, 0x8d, 0xd8, 0x85, 0xd8, 0x85, 0xd8, 0x85, 0xd8, 0x85, 0xd8, 0x8d, 0xf9, 0x8d, 0xf9, 
	0x96, 0x5a, 0x96, 0x5a, 0x32, 0x49, 0x00, 0x00, 0x00, 0x00, 0x00, 0x00, 0x00, 0x00, 0x00, 0x00, 
	0x00, 0x00, 0x00, 0x00, 0x00, 0x00, 0x00, 0x00, 0x00, 0x00, 0x00, 0x00, 0x00, 0x00, 0x00, 0x00, 
	0x00, 0x00, 0x00, 0x00, 0x00, 0x00, 0x00, 0x00, 0x00, 0x00, 0x00, 0x00, 0x00, 0x00, 0x00, 0x00, 
	0x00, 0x00, 0x00, 0x00, 0x00, 0x00, 0x00, 0x00, 0x00, 0x00, 0x00, 0x00, 0x29, 0x26, 0xac, 0x98, 
	0xa4, 0x57, 0xb4, 0xb9, 0x41, 0xa9, 0x00, 0x00, 0x00, 0x00, 0x00, 0x00, 0x00, 0x00, 0x21, 0x05, 
	0xac, 0x98, 0xa4, 0x57, 0xa4, 0x57, 0xa4, 0x57, 0xa4, 0x57, 0xa4, 0x57, 0xa4, 0x57, 0xa4, 0x57, 
	0xac, 0x98, 0xac, 0x57, 0x31, 0x47, 0x00, 0x00, 0x00, 0x00, 0x00, 0x00, 0x00, 0x00, 0x00, 0x00, 
	0x00, 0x00, 0x00, 0x00, 0x00, 0x00, 0x00, 0x00, 0x00, 0x00, 0x00, 0x00, 0x00, 0x00, 0x00, 0x00, 
	0x00, 0x00, 0x00, 0x00, 0x00, 0x00, 0x00, 0x00, 0x00, 0x00, 0x00, 0x00, 0x00, 0x00, 0x00, 0x00, 
	0x00, 0x00, 0x00, 0x00, 0x00, 0x00, 0x00, 0x00, 0x00, 0x00, 0x00, 0x00, 0x00, 0x20, 0xb3, 0x4c, 
	0xcb, 0xcd, 0xd3, 0xee, 0x82, 0x69, 0x00, 0x00, 0x00, 0x00, 0x00, 0x00, 0x00, 0x00, 0x00, 0x00, 
	0x92, 0xc9, 0xd3, 0xee, 0xc3, 0xad, 0xc3, 0xad, 0xc3, 0xad, 0xc3, 0xad, 0xc3, 0xad, 0xd3, 0xee, 
	0xa3, 0x0b, 0x08, 0x41, 0x00, 0x00, 0x00, 0x00, 0x00, 0x00, 0x00, 0x00, 0x00, 0x00, 0x00, 0x00, 
	0x00, 0x00, 0x00, 0x00, 0x00, 0x00, 0x00, 0x00, 0x00, 0x00, 0x00, 0x00, 0x00, 0x00, 0x00, 0x00, 
	0x00, 0x00, 0x00, 0x00, 0x00, 0x00, 0x00, 0x00, 0x00, 0x00, 0x00, 0x00, 0x00, 0x00, 0x00, 0x00, 
	0x00, 0x00, 0x00, 0x00, 0x00, 0x00, 0x00, 0x00, 0x00, 0x00, 0x00, 0x00, 0x29, 0x22, 0xdd, 0xeb, 
	0xdd, 0xeb, 0xee, 0x4b, 0x6a, 0xc5, 0x00, 0x00, 0x00, 0x00, 0x00, 0x00, 0x00, 0x00, 0x6a, 0xc5, 
	0xee, 0x4b, 0xdd, 0xca, 0xdd, 0xca, 0xdd, 0xca, 0xdd, 0xca, 0xdd, 0xca, 0xee, 0x2b, 0xee, 0x4b, 
	0xee, 0x4b, 0xfe, 0xec, 0xac, 0x88, 0x00, 0x00, 0x00, 0x00, 0x00, 0x00, 0x00, 0x00, 0x00, 0x00, 
	0x00, 0x00, 0x00, 0x00, 0x00, 0x00, 0x00, 0x00, 0x00, 0x00, 0x00, 0x00, 0x00, 0x00, 0x00, 0x00, 
	0x00, 0x00, 0x00, 0x00, 0x00, 0x00, 0x00, 0x00, 0x00, 0x00, 0x00, 0x00, 0x00, 0x00, 0x00, 0x00, 
	0x00, 0x00, 0x00, 0x00, 0x00, 0x00, 0x00, 0x00, 0x00, 0x00, 0x00, 0x00, 0x6c, 0xb4, 0x8e, 0x19, 
	0x8e, 0x19, 0x74, 0xf4, 0x00, 0x00, 0x00, 0x00, 0x00, 0x00, 0x00, 0x00, 0x00, 0x00, 0x21, 0xa6, 
	0x8e, 0x19, 0x85, 0xd8, 0x85, 0xd8, 0x85, 0xd8, 0x85, 0xd8, 0x85, 0xd7, 0x74, 0xf5, 0x74, 0xf5, 
	0x74, 0xf4, 0x7d, 0x35, 0x4b, 0x6e, 0x00, 0x00, 0x00, 0x00, 0x00, 0x00, 0x00, 0x00, 0x00, 0x00, 
	0x00, 0x00, 0x00, 0x00, 0x00, 0x00, 0x00, 0x00, 0x00, 0x00, 0x00, 0x00, 0x00, 0x00, 0x00, 0x00, 
	0x00, 0x00, 0x00, 0x00, 0x00, 0x00, 0x00, 0x00, 0x00, 0x00, 0x00, 0x00, 0x00, 0x00, 0x00, 0x00, 
	0x00, 0x00, 0x00, 0x00, 0x00, 0x00, 0x00, 0x00, 0x00, 0x00, 0x00, 0x00, 0x73, 0x10, 0xb4, 0xb9, 
	0xac, 0x77, 0x9c, 0x36, 0x08, 0x62, 0x00, 0x00, 0x00, 0x00, 0x00, 0x00, 0x00, 0x00, 0x4a, 0x0b, 
	0xb4, 0xb9, 0xa4, 0x57, 0xa4, 0x57, 0xa4, 0x57, 0xa4, 0x57, 0xa4, 0x57, 0xac, 0x78, 0xac, 0x98, 
	0xac, 0x98, 0xb4, 0xb9, 0xb4, 0xd9, 0x39, 0x88, 0x00, 0x00, 0x00, 0x00, 0x00, 0x00, 0x00, 0x00, 
	0x00, 0x00, 0x00, 0x00, 0x00, 0x00, 0x00, 0x00, 0x00, 0x00, 0x00, 0x00, 0x00, 0x00, 0x00, 0x00, 
	0x00, 0x00, 0x00, 0x00, 0x00, 0x00, 0x00, 0x00, 0x00, 0x00, 0x00, 0x00, 0x00, 0x00, 0x00, 0x00, 
	0x00, 0x00, 0x00, 0x00, 0x00, 0x00, 0x00, 0x00, 0x00, 0x00, 0x00, 0x00, 0x49, 0x65, 0xd3, 0xee, 
	0xc3, 0xad, 0xd3, 0xee, 0x41, 0x24, 0x00, 0x00, 0x00, 0x00, 0x00, 0x00, 0x00, 0x00, 0x00, 0x00, 
	0xab, 0x2b, 0xcb, 0xcd, 0xc3, 0xad, 0xc3, 0xad, 0xc3, 0xad, 0xc3, 0xad, 0xc3, 0xad, 0xc3, 0xad, 
	0xd3, 0xee, 0x9a, 0xea, 0x08, 0x20, 0x00, 0x00, 0x00, 0x00, 0x00, 0x00, 0x00, 0x00, 0x00, 0x00, 
	0x00, 0x00, 0x00, 0x00, 0x00, 0x00, 0x00, 0x00, 0x00, 0x00, 0x00, 0x00, 0x00, 0x00, 0x00, 0x00, 
	0x00, 0x00, 0x00, 0x00, 0x00, 0x00, 0x00, 0x00, 0x00, 0x00, 0x00, 0x00, 0x00, 0x00, 0x00, 0x00, 
	0x00, 0x00, 0x00, 0x00, 0x00, 0x00, 0x00, 0x00, 0x00, 0x00, 0x00, 0x00, 0x83, 0x66, 0xee, 0x4b, 
	0xdd, 0xeb, 0xdd, 0xea, 0x20, 0xe1, 0x00, 0x00, 0x00, 0x00, 0x00, 0x00, 0x00, 0x00, 0x9c, 0x27, 
	0xee, 0x2b, 0xdd, 0xca, 0xe6, 0x0b, 0xdd, 0xca, 0xdd, 0xca, 0xdd, 0xca, 0x8b, 0xc7, 0x83, 0x66, 
	0x83, 0x66, 0x83, 0x86, 0x62, 0xa5, 0x00, 0x00, 0x00, 0x00, 0x00, 0x00, 0x00, 0x00, 0x00, 0x00, 
	0x00, 0x00, 0x00, 0x00, 0x00, 0x00, 0x00, 0x00, 0x00, 0x00, 0x00, 0x00, 0x00, 0x00, 0x00, 0x00, 
	0x00, 0x00, 0x00, 0x00, 0x00, 0x00, 0x00, 0x00, 0x00, 0x00, 0x00, 0x00, 0x00, 0x00, 0x00, 0x00, 
	0x00, 0x00, 0x00, 0x00, 0x00, 0x00, 0x00, 0x00, 0x00, 0x00, 0x2a, 0x08, 0x96, 0x3a, 0x85, 0xd8, 
	0x96, 0x5a, 0x3a, 0x8b, 0x00, 0x00, 0x00, 0x00, 0x00, 0x00, 0x00, 0x00, 0x00, 0x00, 0x32, 0x6a, 
	0x96, 0x3a, 0x85, 0xd8, 0x8e, 0x39, 0x8d, 0xf8, 0x85, 0xd8, 0x8e, 0x19, 0x2a, 0x08, 0x00, 0x00, 
	0x00, 0x00, 0x00, 0x00, 0x00, 0x00, 0x00, 0x00, 0x00, 0x00, 0x00, 0x00, 0x00, 0x00, 0x00, 0x00, 
	0x00, 0x00, 0x00, 0x00, 0x00, 0x00, 0x00, 0x00, 0x00, 0x00, 0x00, 0x00, 0x00, 0x00, 0x00, 0x00, 
	0x00, 0x00, 0x00, 0x00, 0x00, 0x00, 0x00, 0x00, 0x00, 0x00, 0x00, 0x00, 0x00, 0x00, 0x00, 0x00, 
	0x00, 0x00, 0x00, 0x00, 0x00, 0x00, 0x00, 0x00, 0x00, 0x00, 0x29, 0x06, 0xac, 0x98, 0xa4, 0x57, 
	0xb4, 0xb9, 0x62, 0x8e, 0x00, 0x00, 0x00, 0x00, 0x00, 0x00, 0x00, 0x00, 0x00, 0x00, 0x73, 0x10, 
	0xb4, 0x98, 0xa4, 0x57, 0xac, 0x78, 0xac, 0x77, 0xa4, 0x57, 0xac, 0x78, 0x8b, 0xb4, 0x73, 0x10, 
	0x7b, 0x31, 0x7b, 0x51, 0x8b, 0xb3, 0x41, 0xc9, 0x00, 0x00, 0x00, 0x00, 0x00, 0x00, 0x00, 0x00, 
	0x00, 0x00, 0x00, 0x00, 0x00, 0x00, 0x00, 0x00, 0x00, 0x00, 0x00, 0x00, 0x00, 0x00, 0x00, 0x00, 
	0x00, 0x00, 0x00, 0x00, 0x00, 0x00, 0x00, 0x00, 0x00, 0x00, 0x00, 0x00, 0x00, 0x00, 0x00, 0x00, 
	0x00, 0x00, 0x00, 0x00, 0x00, 0x00, 0x00, 0x00, 0x00, 0x00, 0x00, 0x00, 0xab, 0x2b, 0xcb, 0xcd, 
	0xcb, 0xcd, 0xab, 0x4b, 0x00, 0x20, 0x00, 0x00, 0x00, 0x00, 0x00, 0x00, 0x00, 0x00, 0x18, 0x61, 
	0xbb, 0x8d, 0xcb, 0xad, 0xc3, 0xad, 0xc3, 0xad, 0xc3, 0xad, 0xc3, 0xad, 0xcb, 0xad, 0xd3, 0xee, 
	0xd3, 0xee, 0xec, 0x4f, 0x9a, 0xca, 0x00, 0x00, 0x00, 0x00, 0x00, 0x00, 0x00, 0x00, 0x00, 0x00, 
	0x00, 0x00, 0x00, 0x00, 0x00, 0x00, 0x00, 0x00, 0x00, 0x00, 0x00, 0x00, 0x00, 0x00, 0x00, 0x00, 
	0x00, 0x00, 0x00, 0x00, 0x00, 0x00, 0x00, 0x00, 0x00, 0x00, 0x00, 0x00, 0x00, 0x00, 0x00, 0x00, 
	0x00, 0x00, 0x00, 0x00, 0x00, 0x00, 0x00, 0x00, 0x00, 0x00, 0x18, 0xc1, 0xd5, 0x8a, 0xe5, 0xeb, 
	0xee, 0x2b, 0xa4, 0x48, 0x00, 0x00, 0x00, 0x00, 0x00, 0x00, 0x00, 0x00, 0x00, 0x20, 0xcd, 0x4a, 
	0xe6, 0x0b, 0xee, 0x2b, 0xbd, 0x09, 0xdd, 0xeb, 0xdd, 0xca, 0xee, 0x2b, 0x6a, 0xc5, 0x00, 0x00, 
	0x00, 0x00, 0x00, 0x00, 0x00, 0x00, 0x00, 0x00, 0x00, 0x00, 0x00, 0x00, 0x00, 0x00, 0x00, 0x00, 
	0x00, 0x00, 0x00, 0x00, 0x00, 0x00, 0x00, 0x00, 0x00, 0x00, 0x00, 0x00, 0x00, 0x00, 0x00, 0x00, 
	0x00, 0x00, 0x00, 0x00, 0x00, 0x00, 0x00, 0x00, 0x00, 0x00, 0x00, 0x00, 0x00, 0x00, 0x00, 0x00, 
	0x00, 0x00, 0x00, 0x00, 0x00, 0x00, 0x00, 0x00, 0x00, 0x41, 0x7d, 0x35, 0x8e, 0x19, 0x8e, 0x19, 
	0x7d, 0x56, 0x08, 0x41, 0x00, 0x00, 0x00, 0x00, 0x00, 0x00, 0x00, 0x00, 0x00, 0x00, 0x4b, 0x2d, 
	0x96, 0x5a, 0x96, 0x3a, 0x5c, 0x10, 0x7d, 0x56, 0x8d, 0xf9, 0x8e, 0x19, 0x74, 0xf4, 0x00, 0x20, 
	0x00, 0x00, 0x00, 0x00, 0x00, 0x00, 0x00, 0x00, 0x00, 0x00, 0x00, 0x00, 0x00, 0x00, 0x00, 0x00, 
	0x00, 0x00, 0x00, 0x00, 0x00, 0x00, 0x00, 0x00, 0x00, 0x00, 0x00, 0x00, 0x00, 0x00, 0x00, 0x00, 
	0x00, 0x00, 0x00, 0x00, 0x00, 0x00, 0x00, 0x00, 0x00, 0x00, 0x00, 0x00, 0x00, 0x00, 0x00, 0x00, 
	0x00, 0x00, 0x00, 0x00, 0x00, 0x00, 0x00, 0x00, 0x00, 0x00, 0x83, 0x92, 0xac, 0x98, 0xac, 0x77, 
	0xa4, 0x57, 0x18, 0xa3, 0x00, 0x00, 0x00, 0x00, 0x00, 0x00, 0x00, 0x00, 0x00, 0x20, 0x9b, 0xf5, 
	0xac, 0x78, 0xb4, 0xb9, 0x93, 0xd4, 0x9b, 0xf5, 0xac, 0x77, 0xac, 0x98, 0x8b, 0x93, 0x00, 0x00, 
	0x00, 0x00, 0x00, 0x00, 0x00, 0x00, 0x00, 0x00, 0x00, 0x00, 0x00, 0x00, 0x00, 0x00, 0x00, 0x00, 
	0x00, 0x00, 0x00, 0x00, 0x00, 0x00, 0x00, 0x00, 0x00, 0x00, 0x00, 0x00, 0x00, 0x00, 0x00, 0x00, 
	0x00, 0x00, 0x00, 0x00, 0x00, 0x00, 0x00, 0x00, 0x00, 0x00, 0x00, 0x00, 0x00, 0x00, 0x00, 0x00, 
	0x00, 0x00, 0x00, 0x00, 0x00, 0x00, 0x00, 0x00, 0x00, 0x00, 0x61, 0xc6, 0xdb, 0xee, 0xc3, 0xad, 
	0xdc, 0x0e, 0x59, 0xa6, 0x00, 0x00, 0x00, 0x00, 0x00, 0x00, 0x00, 0x00, 0x00, 0x00, 0x30, 0xe3, 
	0xcb, 0xcd, 0xc3, 0xad, 0xcb, 0xcd, 0xcb, 0xcd, 0xc3, 0xad, 0xcb, 0xcd, 0xab, 0x0b, 0x59, 0xc6, 
	0x72, 0x07, 0x82, 0x68, 0x72, 0x07, 0x00, 0x00, 0x00, 0x00, 0x00, 0x00, 0x00, 0x00, 0x00, 0x00, 
	0x00, 0x00, 0x00, 0x00, 0x00, 0x00, 0x00, 0x00, 0x00, 0x00, 0x00, 0x00, 0x00, 0x00, 0x00, 0x00, 
	0x00, 0x00, 0x00, 0x00, 0x00, 0x00, 0x00, 0x00, 0x00, 0x00, 0x00, 0x00, 0x00, 0x00, 0x00, 0x00, 
	0x00, 0x00, 0x00, 0x00, 0x00, 0x00, 0x00, 0x00, 0x00, 0x00, 0x8b, 0xc7, 0xee, 0x4b, 0xdd, 0xca, 
	0xee, 0x2b, 0x41, 0xc3, 0x00, 0x00, 0x00, 0x00, 0x00, 0x00, 0x00, 0x00, 0x29, 0x02, 0xee, 0x4b, 
	0xee, 0x4b, 0x7b, 0x46, 0x08, 0x60, 0xb4, 0xc9, 0xee, 0x2b, 0xdd, 0xeb, 0xe6, 0x0b, 0x31, 0x62, 
	0x00, 0x00, 0x00, 0x00, 0x00, 0x00, 0x00, 0x00, 0x00, 0x00, 0x00, 0x00, 0x00, 0x00, 0x00, 0x00, 
	0x00, 0x00, 0x00, 0x00, 0x00, 0x00, 0x00, 0x00, 0x00, 0x00, 0x00, 0x00, 0x00, 0x00, 0x00, 0x00, 
	0x00, 0x00, 0x00, 0x00, 0x00, 0x00, 0x00, 0x00, 0x00, 0x00, 0x00, 0x00, 0x00, 0x00, 0x00, 0x00, 
	0x00, 0x00, 0x00, 0x00, 0x00, 0x00, 0x00, 0x00, 0x53, 0xaf, 0x96, 0x5a, 0x85, 0xd8, 0x96, 0x5a, 
	0x3a, 0x6a, 0x00, 0x00, 0x00, 0x00, 0x00, 0x00, 0x00, 0x00, 0x00, 0x00, 0x00, 0x00, 0x64, 0x51, 
	0x9e, 0xdc, 0x4b, 0x4d, 0x00, 0x00, 0x42, 0xcb, 0x96, 0x5a, 0x85, 0xd8, 0x96, 0x5a, 0x53, 0x8e, 
	0x00, 0x00, 0x00, 0x00, 0x00, 0x00, 0x00, 0x00, 0x00, 0x00, 0x00, 0x00, 0x00, 0x00, 0x00, 0x00, 
	0x00, 0x00, 0x00, 0x00, 0x00, 0x00, 0x00, 0x00, 0x00, 0x00, 0x00, 0x00, 0x00, 0x00, 0x00, 0x00, 
	0x00, 0x00, 0x00, 0x00, 0x00, 0x00, 0x00, 0x00, 0x00, 0x00, 0x39, 0x88, 0x41, 0xc9, 0x00, 0x00, 
	0x00, 0x00, 0x00, 0x00, 0x00, 0x00, 0x00, 0x00, 0x5a, 0x4c, 0xb4, 0xb9, 0xa4, 0x57, 0xb4, 0xb9, 
	0x5a, 0x6d, 0x00, 0x00, 0x00, 0x00, 0x00, 0x00, 0x00, 0x00, 0x00, 0x00, 0x20, 0xc4, 0xb4, 0xb9, 
	0xb4, 0xb9, 0x72, 0xf0, 0x08, 0x41, 0x41, 0xea, 0xb4, 0xb9, 0xa4, 0x57, 0xb4, 0xb9, 0x62, 0x8d, 
	0x00, 0x00, 0x00, 0x00, 0x00, 0x00, 0x00, 0x00, 0x00, 0x00, 0x00, 0x00, 0x00, 0x00, 0x00, 0x00, 
	0x00, 0x00, 0x00, 0x00, 0x00, 0x00, 0x00, 0x00, 0x00, 0x00, 0x00, 0x00, 0x00, 0x00, 0x00, 0x00, 
	0x00, 0x00, 0x00, 0x00, 0x00, 0x00, 0x00, 0x00, 0x00, 0x00, 0x00, 0x00, 0x00, 0x00, 0x00, 0x00, 
	0x00, 0x00, 0x00, 0x00, 0x00, 0x00, 0x00, 0x00, 0x20, 0xa2, 0xcb, 0xad, 0xcb, 0xad, 0xcb, 0xcd, 
	0xab, 0x2b, 0x08, 0x20, 0x00, 0x00, 0x00, 0x00, 0x00, 0x00, 0x00, 0x00, 0x00, 0x00, 0x51, 0x65, 
	0xd3, 0xee, 0xd3, 0xee, 0xb3, 0x6c, 0xab, 0x2b, 0xcb, 0xcd, 0xcb, 0xad, 0xbb, 0x8d, 0x28, 0xc2, 
	0x00, 0x00, 0x00, 0x00, 0x00, 0x00, 0x00, 0x00, 0x00, 0x00, 0x00, 0x00, 0x00, 0x00, 0x00, 0x00, 
	0x00, 0x00, 0x00, 0x00, 0x00, 0x00, 0x00, 0x00, 0x00, 0x00, 0x00, 0x00, 0x00, 0x00, 0x00, 0x00, 
	0x00, 0x00, 0x00, 0x00, 0x00, 0x00, 0x00, 0x00, 0x00, 0x00, 0x00, 0x00, 0x00, 0x00, 0x00, 0x00, 
	0x00, 0x00, 0x00, 0x00, 0x00, 0x00, 0x00, 0x00, 0x41, 0xe3, 0xee, 0x2b, 0xdd, 0xca, 0xee, 0x4b, 
	0xa4, 0x68, 0x00, 0x00, 0x00, 0x00, 0x00, 0x00, 0x00, 0x00, 0x00, 0x00, 0x41, 0xe3, 0xee, 0x2b, 
	0x52, 0x44, 0x00, 0x00, 0x00, 0x00, 0x39, 0x82, 0xee, 0x2b, 0xdd, 0xeb, 0xe6, 0x0b, 0xcd, 0x6a, 
	0x18, 0xa1, 0x00, 0x00, 0x00, 0x00, 0x00, 0x00, 0x00, 0x00, 0x00, 0x00, 0x00, 0x00, 0x00, 0x00, 
	0x00, 0x00, 0x00, 0x00, 0x00, 0x00, 0x00, 0x00, 0x00, 0x00, 0x00, 0x00, 0x00, 0x00, 0x00, 0x00, 
	0x00, 0x00, 0x00, 0x00, 0x00, 0x00, 0x00, 0x00, 0x32, 0x49, 0x4b, 0x6e, 0x00, 0x00, 0x00, 0x00, 
	0x00, 0x00, 0x00, 0x00, 0x00, 0x00, 0x3a, 0x6a, 0x96, 0x5a, 0x85, 0xd8, 0x96, 0x3a, 0x6c, 0xb3, 
	0x00, 0x00, 0x00, 0x00, 0x00, 0x00, 0x00, 0x00, 0x00, 0x00, 0x00, 0x00, 0x00, 0x00, 0x42, 0xec, 
	0x42, 0xec, 0x00, 0x00, 0x00, 0x00, 0x00, 0x00, 0x6c, 0xd4, 0x96, 0x3a, 0x85, 0xd8, 0x96, 0x3a, 
	0x3a, 0x6a, 0x00, 0x00, 0x00, 0x00, 0x00, 0x00, 0x00, 0x00, 0x00, 0x00, 0x00, 0x00, 0x00, 0x00, 
	0x00, 0x00, 0x00, 0x00, 0x00, 0x00, 0x00, 0x00, 0x00, 0x00, 0x00, 0x00, 0x00, 0x00, 0x00, 0x00, 
	0x00, 0x00, 0x00, 0x00, 0x00, 0x00, 0x00, 0x00, 0x31, 0x47, 0xb4, 0xd9, 0x8b, 0xb3, 0x00, 0x00, 
	0x00, 0x00, 0x00, 0x00, 0x00, 0x00, 0x39, 0x88, 0xac, 0x98, 0xa4, 0x57, 0xac, 0x98, 0x93, 0xd4, 
	0x08, 0x41, 0x00, 0x00, 0x00, 0x00, 0x00, 0x00, 0x00, 0x00, 0x00, 0x00, 0x31, 0x47, 0xac, 0x77, 
	0x41, 0xc9, 0x00, 0x00, 0x00, 0x00, 0x00, 0x00, 0x8b, 0x93, 0xb4, 0x98, 0xa4, 0x57, 0xb4, 0xb9, 
	0x39, 0xa8, 0x00, 0x00, 0x00, 0x00, 0x00, 0x00, 0x00, 0x00, 0x00, 0x00, 0x00, 0x00, 0x00, 0x00, 
	0x00, 0x00, 0x00, 0x00, 0x00, 0x00, 0x00, 0x00, 0x00, 0x00, 0x00, 0x00, 0x00, 0x00, 0x00, 0x00, 
	0x00, 0x00, 0x00, 0x00, 0x00, 0x00, 0x00, 0x00, 0x00, 0x00, 0x08, 0x20, 0x9a, 0xca, 0x72, 0x07, 
	0x00, 0x00, 0x00, 0x00, 0x00, 0x00, 0x08, 0x41, 0xb3, 0x4b, 0xd3, 0xee, 0xc3, 0xad, 0xd3, 0xee, 
	0x41, 0x24, 0x00, 0x00, 0x00, 0x00, 0x00, 0x00, 0x00, 0x00, 0x00, 0x00, 0x00, 0x00, 0x72, 0x27, 
	0xec, 0x4f, 0xb3, 0x2b, 0x18, 0x61, 0x28, 0xc2, 0xcb, 0xcd, 0xcb, 0xad, 0xcb, 0xcd, 0xb3, 0x4c, 
	0x10, 0x61, 0x00, 0x00, 0x00, 0x00, 0x00, 0x00, 0x00, 0x00, 0x00, 0x00, 0x00, 0x00, 0x00, 0x00, 
	0x00, 0x00, 0x00, 0x00, 0x00, 0x00, 0x00, 0x00, 0x00, 0x00, 0x00, 0x00, 0x00, 0x00, 0x00, 0x00, 
	0x00, 0x00, 0x00, 0x00, 0x00, 0x00, 0x00, 0x00, 0x08, 0x40, 0xac, 0x88, 0x62, 0xa5, 0x00, 0x00, 
	0x00, 0x00, 0x00, 0x00, 0x00, 0x00, 0x18, 0xc1, 0xcd, 0x8a, 0xe6, 0x0b, 0xdd, 0xeb, 0xdd, 0xeb, 
	0x29, 0x42, 0x00, 0x00, 0x00, 0x00, 0x00, 0x00, 0x00, 0x00, 0x00, 0x00, 0x08, 0x40, 0x18, 0xa1, 
	0x00, 0x00, 0x00, 0x00, 0x00, 0x00, 0x00, 0x00, 0x7b, 0x46, 0xf6, 0x6c, 0xdd, 0xca, 0xee, 0x2b, 
	0xbc, 0xe9, 0x10, 0x80, 0x00, 0x00, 0x00, 0x00, 0x00, 0x00, 0x00, 0x00, 0x00, 0x00, 0x00, 0x00, 
	0x00, 0x00, 0x00, 0x00, 0x00, 0x00, 0x00, 0x00, 0x00, 0x00, 0x00, 0x00, 0x00, 0x00, 0x00, 0x00, 
	0x00, 0x00, 0x00, 0x00, 0x00, 0x00, 0x21, 0x86, 0x96, 0x5a, 0x7d, 0x35, 0x00, 0x00, 0x00, 0x00, 
	0x00, 0x00, 0x00, 0x00, 0x32, 0x08, 0x8e, 0x19, 0x8d, 0xf8, 0x8d, 0xf9, 0x85, 0xd8, 0x10, 0xe4, 
	0x00, 0x00, 0x00, 0x00, 0x00, 0x00, 0x00, 0x00, 0x00, 0x00, 0x00, 0x00, 0x00, 0x00, 0x00, 0x00, 
	0x00, 0x00, 0x00, 0x00, 0x00, 0x00, 0x00, 0x00, 0x19, 0x25, 0x8d, 0xd8, 0x8d, 0xf9, 0x8d, 0xf8, 
	0x8e, 0x19, 0x32, 0x08, 0x00, 0x00, 0x00, 0x00, 0x00, 0x00, 0x00, 0x00, 0x00, 0x00, 0x00, 0x00, 
	0x00, 0x00, 0x00, 0x00, 0x00, 0x00, 0x00, 0x00, 0x00, 0x00, 0x00, 0x00, 0x00, 0x00, 0x00, 0x00, 
	0x00, 0x00, 0x00, 0x00, 0x00, 0x00, 0x29, 0x26, 0xac, 0x57, 0xb4, 0xb9, 0x7b, 0x51, 0x00, 0x00, 
	0x00, 0x00, 0x00, 0x00, 0x31, 0x47, 0xac, 0x77, 0xac, 0x78, 0xac, 0x77, 0xac, 0x98, 0x29, 0x26, 
	0x00, 0x00, 0x00, 0x00, 0x00, 0x00, 0x00, 0x00, 0x00, 0x00, 0x00, 0x00, 0x00, 0x20, 0x08, 0x41, 
	0x00, 0x00, 0x00, 0x00, 0x00, 0x00, 0x00, 0x00, 0x20, 0xc4, 0xac, 0x58, 0xac, 0x78, 0xac, 0x77, 
	0xac, 0x77, 0x31, 0x47, 0x00, 0x00, 0x00, 0x00, 0x00, 0x00, 0x00, 0x00, 0x00, 0x00, 0x00, 0x00, 
	0x00, 0x00, 0x00, 0x00, 0x00, 0x00, 0x00, 0x00, 0x00, 0x00, 0x00, 0x00, 0x00, 0x00, 0x00, 0x00, 
	0x00, 0x00, 0x00, 0x00, 0x00, 0x00, 0x00, 0x00, 0x08, 0x41, 0x9a, 0xea, 0xec, 0x4f, 0x82, 0x68, 
	0x00, 0x00, 0x00, 0x00, 0x08, 0x20, 0x9a, 0xea, 0xd3, 0xee, 0xc3, 0xad, 0xdc, 0x0e, 0x7a, 0x48, 
	0x00, 0x00, 0x00, 0x00, 0x00, 0x00, 0x00, 0x00, 0x00, 0x00, 0x00, 0x00, 0x00, 0x00, 0x72, 0x27, 
	0xa2, 0xea, 0x10, 0x41, 0x00, 0x00, 0x00, 0x00, 0x6a, 0x07, 0xdc, 0x0e, 0xc3, 0xad, 0xd3, 0xee, 
	0xa2, 0xea, 0x08, 0x20, 0x00, 0x00, 0x00, 0x00, 0x00, 0x00, 0x00, 0x00, 0x00, 0x00, 0x00, 0x00, 
	0x00, 0x00, 0x00, 0x00, 0x00, 0x00, 0x00, 0x00, 0x00, 0x00, 0x00, 0x00, 0x00, 0x00, 0x00, 0x00, 
	0x00, 0x00, 0x00, 0x00, 0x00, 0x00, 0x00, 0x20, 0xa4, 0x48, 0xfe, 0xec, 0x83, 0x86, 0x00, 0x00, 
	0x00, 0x00, 0x00, 0x00, 0x10, 0x80, 0xbc, 0xe9, 0xee, 0x2b, 0xdd, 0xca, 0xf6, 0x6c, 0x73, 0x05, 
	0x00, 0x00, 0x00, 0x00, 0x00, 0x00, 0x00, 0x00, 0x00, 0x00, 0x00, 0x00, 0x00, 0x00, 0x00, 0x00, 
	0x00, 0x00, 0x00, 0x00, 0x00, 0x00, 0x00, 0x00, 0x00, 0x00, 0xa4, 0x68, 0xee, 0x4b, 0xdd, 0xca, 
	0xee, 0x4b, 0xbc, 0xe9, 0x18, 0xc1, 0x00, 0x00, 0x00, 0x00, 0x00, 0x00, 0x00, 0x00, 0x00, 0x00, 
	0x00, 0x00, 0x00, 0x00, 0x00, 0x00, 0x00, 0x00, 0x00, 0x00, 0x00, 0x00, 0x00, 0x00, 0x00, 0x00, 
	0x00, 0x00, 0x00, 0x00, 0x10, 0xe3, 0x85, 0xb7, 0x96, 0x5a, 0x74, 0xf4, 0x00, 0x00, 0x00, 0x00, 
	0x00, 0x00, 0x3a, 0x6a, 0x8e, 0x19, 0x8d, 0xf9, 0x8d, 0xf8, 0x96, 0x3a, 0x32, 0x08, 0x00, 0x00, 
	0x00, 0x00, 0x00, 0x00, 0x00, 0x00, 0x00, 0x00, 0x00, 0x00, 0x00, 0x00, 0x00, 0x00, 0x00, 0x00, 
	0x00, 0x00, 0x00, 0x00, 0x00, 0x00, 0x00, 0x00, 0x00, 0x00, 0x32, 0x29, 0x96, 0x3a, 0x8d, 0xd8, 
	0x8d, 0xf9, 0x8e, 0x19, 0x3a, 0x6a, 0x00, 0x00, 0x00, 0x00, 0x00, 0x00, 0x00, 0x00, 0x00, 0x00, 
	0x00, 0x00, 0x00, 0x00, 0x00, 0x00, 0x00, 0x00, 0x00, 0x00, 0x00, 0x00, 0x00, 0x00, 0x00, 0x00, 
	0x00, 0x00, 0x00, 0x00, 0x21, 0x05, 0xa4, 0x37, 0xac, 0x98, 0xac, 0x98, 0x7b, 0x31, 0x00, 0x00, 
	0x00, 0x00, 0x39, 0xa8, 0xac, 0x77, 0xac, 0x78, 0xa4, 0x57, 0xb4, 0xb9, 0x49, 0xea, 0x00, 0x00, 
	0x00, 0x00, 0x00, 0x00, 0x00, 0x00, 0x00, 0x00, 0x00, 0x00, 0x00, 0x00, 0x00, 0x00, 0x00, 0x00, 
	0x00, 0x00, 0x00, 0x00, 0x00, 0x00, 0x00, 0x00, 0x00, 0x00, 0x41, 0xa9, 0xb4, 0xb9, 0xa4, 0x57, 
	0xac, 0x78, 0xac, 0x77, 0x39, 0x88, 0x00, 0x00, 0x00, 0x00, 0x00, 0x00, 0x00, 0x00, 0x00, 0x00, 
	0x00, 0x00, 0x00, 0x00, 0x00, 0x00, 0x00, 0x00, 0x00, 0x00, 0x00, 0x00, 0x00, 0x00, 0x00, 0x00, 
	0x00, 0x00, 0x00, 0x00, 0x00, 0x00, 0x10, 0x61, 0xa3, 0x0b, 0xd3, 0xee, 0xd3, 0xee, 0x72, 0x07, 
	0x00, 0x00, 0x10, 0x61, 0xa2, 0xea, 0xd3, 0xee, 0xc3, 0xad, 0xd3, 0xee, 0xa3, 0x0b, 0x08, 0x20, 
	0x00, 0x00, 0x00, 0x00, 0x00, 0x00, 0x00, 0x00, 0x00, 0x00, 0x00, 0x00, 0x00, 0x00, 0x00, 0x00, 
	0x00, 0x00, 0x00, 0x00, 0x00, 0x00, 0x00, 0x00, 0x00, 0x00, 0x9a, 0xea, 0xd3, 0xee, 0xc3, 0xad, 
	0xd3, 0xee, 0x9a, 0xea, 0x08, 0x41, 0x00, 0x00, 0x00, 0x00, 0x00, 0x00, 0x00, 0x00, 0x00, 0x00, 
	0x00, 0x00, 0x00, 0x00, 0x00, 0x00, 0x00, 0x00, 0x00, 0x00, 0x00, 0x00, 0x00, 0x00, 0x00, 0x00, 
	0x00, 0x00, 0x00, 0x00, 0x00, 0x00, 0x9c, 0x27, 0xee, 0x4b, 0xee, 0x4b, 0x83, 0x66, 0x00, 0x00, 
	0x00, 0x00, 0x18, 0xa1, 0xbc, 0xe9, 0xee, 0x4b, 0xdd, 0xca, 0xee, 0x4b, 0xa4, 0x48, 0x00, 0x00, 
	0x00, 0x00, 0x00, 0x00, 0x00, 0x00, 0x00, 0x00, 0x00, 0x00, 0x00, 0x00, 0x00, 0x00, 0x00, 0x00, 
	0x00, 0x00, 0x00, 0x00, 0x00, 0x00, 0x00, 0x00, 0x00, 0x00, 0x10, 0x60, 0xbc, 0xe9, 0xee, 0x4b, 
	0xdd, 0xca, 0xee, 0x2b, 0xcd, 0x8a, 0x41, 0xe3, 0x00, 0x00, 0x00, 0x00, 0x00, 0x00, 0x00, 0x00, 
	0x00, 0x00, 0x00, 0x00, 0x00, 0x00, 0x00, 0x00, 0x00, 0x00, 0x00, 0x00, 0x00, 0x00, 0x00, 0x00, 
	0x00, 0x00, 0x08, 0x61, 0x75, 0x35, 0x96, 0x3a, 0x8d, 0xf9, 0x74, 0xf5, 0x00, 0x00, 0x00, 0x20, 
	0x53, 0x8e, 0x96, 0x3a, 0x8d, 0xf8, 0x8d, 0xd8, 0x96, 0x5a, 0x42, 0xab, 0x00, 0x00, 0x00, 0x00, 
	0x00, 0x00, 0x00, 0x00, 0x00, 0x00, 0x00, 0x00, 0x00, 0x00, 0x00, 0x00, 0x00, 0x00, 0x00, 0x00, 
	0x00, 0x00, 0x00, 0x00, 0x00, 0x00, 0x00, 0x00, 0x00, 0x00, 0x00, 0x00, 0x42, 0xcb, 0x96, 0x5a, 
	0x8d, 0xf8, 0x8d, 0xf8, 0x96, 0x5a, 0x53, 0xaf, 0x00, 0x41, 0x00, 0x00, 0x00, 0x00, 0x00, 0x00, 
	0x00, 0x00, 0x00, 0x00, 0x00, 0x00, 0x00, 0x00, 0x00, 0x00, 0x00, 0x00, 0x00, 0x00, 0x00, 0x00, 
	0x00, 0x00, 0x20, 0xc4, 0x9c, 0x16, 0xac, 0x98, 0xa4, 0x57, 0xac, 0x98, 0x73, 0x10, 0x00, 0x00, 
	0x62, 0x8d, 0xb4, 0xb9, 0xac, 0x77, 0xa4, 0x57, 0xb4, 0xb9, 0x5a, 0x4c, 0x00, 0x00, 0x00, 0x00, 
	0x00, 0x00, 0x00, 0x00, 0x00, 0x00, 0x00, 0x00, 0x00, 0x00, 0x00, 0x00, 0x00, 0x00, 0x00, 0x00, 
	0x00, 0x00, 0x00, 0x00, 0x00, 0x00, 0x00, 0x00, 0x00, 0x00, 0x00, 0x00, 0x52, 0x4c, 0xb4, 0xb9, 
	0xa4, 0x57, 0xac, 0x78, 0xac, 0x98, 0x5a, 0x4c, 0x00, 0x00, 0x00, 0x00, 0x00, 0x00, 0x00, 0x00, 
	0x00, 0x00, 0x00, 0x00, 0x00, 0x00, 0x00, 0x00, 0x00, 0x00, 0x00, 0x00, 0x00, 0x00, 0x00, 0x00, 
	0x00, 0x00, 0x00, 0x00, 0x18, 0x81, 0xb3, 0x4b, 0xd3, 0xee, 0xc3, 0xad, 0xd3, 0xee, 0x59, 0xc6, 
	0x28, 0xc2, 0xb3, 0x4c, 0xd3, 0xee, 0xc3, 0xad, 0xd3, 0xee, 0xb3, 0x4c, 0x10, 0x61, 0x00, 0x00, 
	0x00, 0x00, 0x00, 0x00, 0x00, 0x00, 0x00, 0x00, 0x00, 0x00, 0x00, 0x00, 0x00, 0x00, 0x00, 0x00, 
	0x00, 0x00, 0x00, 0x00, 0x00, 0x00, 0x00, 0x00, 0x00, 0x00, 0x10, 0x41, 0xb3, 0x4b, 0xd3, 0xee, 
	0xc3, 0xad, 0xd3, 0xee, 0xb3, 0x4b, 0x20, 0xa2, 0x00, 0x00, 0x00, 0x00, 0x00, 0x00, 0x00, 0x00, 
	0x00, 0x00, 0x00, 0x00, 0x00, 0x00, 0x00, 0x00, 0x00, 0x00, 0x00, 0x00, 0x00, 0x00, 0x00, 0x00, 
	0x00, 0x00, 0x00, 0x00, 0x94, 0x07, 0xf6, 0x6b, 0xdd, 0xca, 0xee, 0x4b, 0x83, 0x66, 0x00, 0x00, 
	0x31, 0x62, 0xcd, 0x6a, 0xee, 0x2b, 0xdd, 0xca, 0xee, 0x4b, 0xbc, 0xe9, 0x08, 0x60, 0x00, 0x00, 
	0x00, 0x00, 0x00, 0x00, 0x00, 0x00, 0x00, 0x00, 0x00, 0x00, 0x00, 0x00, 0x00, 0x00, 0x00, 0x00, 
	0x00, 0x00, 0x00, 0x00, 0x00, 0x00, 0x00, 0x00, 0x00, 0x00, 0x00, 0x00, 0x10, 0x81, 0xbc, 0xe9, 
	0xee, 0x4b, 0xdd, 0xca, 0xe6, 0x0b, 0xee, 0x2b, 0x8b, 0xc7, 0x18, 0xc1, 0x00, 0x00, 0x00, 0x00, 
	0x00, 0x00, 0x00, 0x00, 0x00, 0x00, 0x00, 0x00, 0x00, 0x00, 0x00, 0x00, 0x00, 0x00, 0x00, 0x00, 
	0x00, 0x00, 0x64, 0x72, 0x96, 0x5a, 0x85, 0xd8, 0x8d, 0xf9, 0x74, 0xf5, 0x2a, 0x08, 0x74, 0xf4, 
	0x96, 0x5a, 0x85, 0xd8, 0x8d, 0xf9, 0x96, 0x3a, 0x42, 0xcb, 0x00, 0x00, 0x00, 0x00, 0x00, 0x00, 
	0x00, 0x00, 0x00, 0x00, 0x00, 0x00, 0x00, 0x00, 0x00, 0x00, 0x00, 0x00, 0x00, 0x00, 0x00, 0x00, 
	0x00, 0x00, 0x00, 0x00, 0x00, 0x00, 0x00, 0x00, 0x00, 0x00, 0x00, 0x00, 0x00, 0x00, 0x42, 0xab, 
	0x96, 0x3a, 0x8d, 0xf9, 0x85, 0xd8, 0x96, 0x5a, 0x7d, 0x35, 0x2a, 0x08, 0x00, 0x00, 0x00, 0x00, 
	0x00, 0x00, 0x00, 0x00, 0x00, 0x00, 0x00, 0x00, 0x00, 0x00, 0x00, 0x00, 0x00, 0x00, 0x00, 0x00, 
	0x18, 0xa3, 0x9c, 0x15, 0xac, 0x98, 0xa4, 0x57, 0xa4, 0x57, 0xac, 0x78, 0x8b, 0xb4, 0x8b, 0x93, 
	0xb4, 0xb9, 0xa4, 0x57, 0xac, 0x78, 0xb4, 0xb9, 0x52, 0x4c, 0x00, 0x00, 0x00, 0x00, 0x00, 0x00, 
	0x00, 0x00, 0x00, 0x00, 0x00, 0x00, 0x00, 0x00, 0x00, 0x00, 0x00, 0x00, 0x00, 0x00, 0x00, 0x00, 
	0x00, 0x00, 0x00, 0x00, 0x00, 0x00, 0x00, 0x00, 0x00, 0x00, 0x00, 0x00, 0x00, 0x00, 0x5a, 0x4c, 
	0xb4, 0xb9, 0xac, 0x77, 0xa4, 0x57, 0xb4, 0xb9, 0x83, 0x92, 0x29, 0x06, 0x00, 0x00, 0x00, 0x00, 
	0x00, 0x00, 0x00, 0x00, 0x00, 0x00, 0x00, 0x00, 0x00, 0x00, 0x00, 0x00, 0x00, 0x00, 0x00, 0x00, 
	0x00, 0x00, 0x20, 0xa2, 0xbb, 0x4c, 0xd3, 0xee, 0xc3, 0xad, 0xc3, 0xad, 0xcb, 0xad, 0xab, 0x0b, 
	0xbb, 0x8d, 0xcb, 0xcd, 0xc3, 0xad, 0xd3, 0xee, 0xb3, 0x4b, 0x18, 0x81, 0x00, 0x00, 0x00, 0x00, 
	0x00, 0x00, 0x00, 0x00, 0x00, 0x00, 0x00, 0x00, 0x00, 0x00, 0x00, 0x00, 0x00, 0x00, 0x00, 0x00, 
	0x00, 0x00, 0x00, 0x00, 0x00, 0x00, 0x00, 0x00, 0x00, 0x00, 0x00, 0x00, 0x18, 0x81, 0xb3, 0x4c, 
	0xd3, 0xee, 0xc3, 0xad, 0xd3, 0xee, 0xcb, 0xad, 0x61, 0xc6, 0x00, 0x00, 0x00, 0x00, 0x00, 0x00, 
	0x00, 0x00, 0x00, 0x00, 0x00, 0x00, 0x00, 0x00, 0x00, 0x00, 0x00, 0x00, 0x00, 0x00, 0x00, 0x00, 
	0x00, 0x00, 0x93, 0xc7, 0xf6, 0x6b, 0xdd, 0xca, 0xdd, 0xca, 0xee, 0x2b, 0x8b, 0xc7, 0x6a, 0xc5, 
	0xe6, 0x0b, 0xe6, 0x0b, 0xdd, 0xca, 0xee, 0x4b, 0xbc, 0xe9, 0x10, 0x81, 0x00, 0x00, 0x00, 0x00, 
	0x00, 0x00, 0x00, 0x00, 0x00, 0x00, 0x00, 0x00, 0x00, 0x00, 0x00, 0x00, 0x00, 0x00, 0x00, 0x00, 
	0x00, 0x00, 0x00, 0x00, 0x00, 0x00, 0x00, 0x00, 0x00, 0x00, 0x00, 0x00, 0x00, 0x00, 0x08, 0x60, 
	0xa4, 0x48, 0xf6, 0x6c, 0xdd, 0xeb, 0xdd, 0xca, 0xee, 0x4b, 0xd5, 0x8a, 0x83, 0x66, 0x29, 0x22, 
	0x00, 0x00, 0x00, 0x00, 0x00, 0x00, 0x00, 0x00, 0x00, 0x00, 0x00, 0x00, 0x00, 0x00, 0x00, 0x00, 
	0x53, 0xaf, 0x96, 0x5a, 0x85, 0xd8, 0x85, 0xd8, 0x85, 0xd8, 0x85, 0xd7, 0x8e, 0x19, 0x8e, 0x19, 
	0x85, 0xd8, 0x96, 0x3a, 0x8d, 0xd8, 0x32, 0x29, 0x00, 0x00, 0x00, 0x00, 0x00, 0x00, 0x00, 0x00, 
	0x00, 0x00, 0x00, 0x00, 0x00, 0x00, 0x00, 0x00, 0x00, 0x00, 0x00, 0x00, 0x00, 0x00, 0x00, 0x00, 
	0x00, 0x00, 0x00, 0x00, 0x00, 0x00, 0x00, 0x00, 0x00, 0x00, 0x00, 0x00, 0x00, 0x00, 0x00, 0x00, 
	0x32, 0x08, 0x85, 0xd8, 0x96, 0x3a, 0x85, 0xd8, 0x8e, 0x19, 0x96, 0x3a, 0x6c, 0xb4, 0x32, 0x49, 
	0x08, 0x62, 0x00, 0x00, 0x00, 0x00, 0x00, 0x00, 0x00, 0x00, 0x00, 0x00, 0x00, 0x00, 0x10, 0x83, 
	0x93, 0xf5, 0xac, 0x98, 0xa4, 0x57, 0xa4, 0x57, 0xa4, 0x57, 0xa4, 0x57, 0xac, 0x78, 0xac, 0x98, 
	0xa4, 0x57, 0xb4, 0x98, 0xac, 0x58, 0x41, 0xa9, 0x00, 0x00, 0x00, 0x00, 0x00, 0x00, 0x00, 0x00, 
	0x00, 0x00, 0x00, 0x00, 0x00, 0x00, 0x00, 0x00, 0x00, 0x00, 0x00, 0x00, 0x00, 0x00, 0x00, 0x00, 
	0x00, 0x00, 0x00, 0x00, 0x00, 0x00, 0x00, 0x00, 0x00, 0x00, 0x00, 0x00, 0x00, 0x00, 0x00, 0x00, 
	0x49, 0xea, 0xac, 0x98, 0xac, 0x98, 0xa4, 0x57, 0xac, 0x98, 0xac, 0x98, 0x73, 0x10, 0x29, 0x26, 
	0x00, 0x00, 0x00, 0x00, 0x00, 0x00, 0x00, 0x00, 0x00, 0x00, 0x00, 0x00, 0x00, 0x00, 0x00, 0x00, 
	0x28, 0xc3, 0xbb, 0x8c, 0xd3, 0xee, 0xc3, 0xad, 0xc3, 0xad, 0xc3, 0xad, 0xc3, 0xad, 0xcb, 0xcd, 
	0xcb, 0xad, 0xcb, 0xad, 0xdc, 0x0e, 0x9a, 0xea, 0x10, 0x41, 0x00, 0x00, 0x00, 0x00, 0x00, 0x00, 
	0x00, 0x00, 0x00, 0x00, 0x00, 0x00, 0x00, 0x00, 0x00, 0x00, 0x00, 0x00, 0x00, 0x00, 0x00, 0x00, 
	0x00, 0x00, 0x00, 0x00, 0x00, 0x00, 0x00, 0x00, 0x00, 0x00, 0x00, 0x00, 0x00, 0x00, 0x10, 0x61, 
	0xa3, 0x0b, 0xdc, 0x0e, 0xc3, 0xad, 0xcb, 0xad, 0xdb, 0xee, 0xab, 0x2b, 0x49, 0x65, 0x00, 0x20, 
	0x00, 0x00, 0x00, 0x00, 0x00, 0x00, 0x00, 0x00, 0x00, 0x00, 0x00, 0x00, 0x00, 0x00, 0x00, 0x00, 
	0x8b, 0xa6, 0xf6, 0x6b, 0xdd, 0xca, 0xdd, 0xca, 0xdd, 0xca, 0xdd, 0xca, 0xdd, 0xca, 0xee, 0x2b, 
	0xdd, 0xeb, 0xdd, 0xeb, 0xf6, 0x6c, 0xa4, 0x68, 0x10, 0x60, 0x00, 0x00, 0x00, 0x00, 0x00, 0x00, 
	0x00, 0x00, 0x00, 0x00, 0x00, 0x00, 0x00, 0x00, 0x00, 0x00, 0x00, 0x00, 0x00, 0x00, 0x00, 0x00, 
	0x00, 0x00, 0x00, 0x00, 0x00, 0x00, 0x00, 0x00, 0x00, 0x00, 0x00, 0x00, 0x00, 0x00, 0x00, 0x00, 
	0x00, 0x00, 0x73, 0x05, 0xdd, 0xeb, 0xee, 0x4b, 0xdd, 0xca, 0xe5, 0xeb, 0xee, 0x4b, 0xdd, 0xeb, 
	0xac, 0x88, 0x73, 0x25, 0x41, 0xc3, 0x08, 0x20, 0x00, 0x00, 0x00, 0x00, 0x00, 0x00, 0x42, 0xec, 
	0x96, 0x5a, 0x85, 0xd8, 0x85, 0xd8, 0x85, 0xd8, 0x85, 0xd8, 0x85, 0xd8, 0x85, 0xd8, 0x8d, 0xf9, 
	0x96, 0x5a, 0x6c, 0xd4, 0x19, 0x25, 0x00, 0x00, 0x00, 0x00, 0x00, 0x00, 0x00, 0x00, 0x00, 0x00, 
	0x00, 0x00, 0x00, 0x00, 0x00, 0x00, 0x00, 0x00, 0x00, 0x00, 0x00, 0x00, 0x00, 0x00, 0x00, 0x00, 
	0x00, 0x00, 0x00, 0x00, 0x00, 0x00, 0x00, 0x00, 0x00, 0x00, 0x00, 0x00, 0x00, 0x00, 0x00, 0x00, 
	0x00, 0x00, 0x10, 0xe4, 0x6c, 0xb3, 0x96, 0x5a, 0x8e, 0x19, 0x85, 0xd8, 0x8e, 0x19, 0x96, 0x5a, 
	0x7d, 0x97, 0x64, 0x31, 0x43, 0x0c, 0x21, 0x66, 0x00, 0x00, 0x00, 0x00, 0x10, 0x62, 0x93, 0xd4, 
	0xb4, 0xb9, 0xa4, 0x57, 0xa4, 0x57, 0xa4, 0x57, 0xa4, 0x57, 0xa4, 0x57, 0xa4, 0x57, 0xac, 0x77, 
	0xb4, 0xb9, 0x8b, 0x93, 0x20, 0xc4, 0x00, 0x00, 0x00, 0x00, 0x00, 0x00, 0x00, 0x00, 0x00, 0x00, 
	0x00, 0x00, 0x00, 0x00, 0x00, 0x00, 0x00, 0x00, 0x00, 0x00, 0x00, 0x00, 0x00, 0x00, 0x00, 0x00, 
	0x00, 0x00, 0x00, 0x00, 0x00, 0x00, 0x00, 0x00, 0x00, 0x00, 0x00, 0x00, 0x00, 0x00, 0x00, 0x00, 
	0x00, 0x00, 0x29, 0x26, 0x93, 0xd4, 0xb4, 0xb9, 0xac, 0x77, 0xa4, 0x57, 0xb4, 0xb9, 0xac, 0x98, 
	0x8b, 0xb3, 0x5a, 0x8d, 0x39, 0x67, 0x18, 0xa3, 0x00, 0x00, 0x00, 0x00, 0x00, 0x00, 0x31, 0x03, 
	0xc3, 0x8d, 0xd3, 0xcd, 0xc3, 0xad, 0xc3, 0xad, 0xc3, 0xad, 0xc3, 0xad, 0xc3, 0xad, 0xc3, 0xad, 
	0xcb, 0xcd, 0xcb, 0xcd, 0x6a, 0x07, 0x00, 0x00, 0x00, 0x00, 0x00, 0x00, 0x00, 0x00, 0x00, 0x00, 
	0x00, 0x00, 0x00, 0x00, 0x00, 0x00, 0x00, 0x00, 0x00, 0x00, 0x00, 0x00, 0x00, 0x00, 0x00, 0x00, 
	0x00, 0x00, 0x00, 0x00, 0x00, 0x00, 0x00, 0x00, 0x00, 0x00, 0x00, 0x00, 0x00, 0x00, 0x00, 0x00, 
	0x08, 0x20, 0x7a, 0x48, 0xd3, 0xee, 0xcb, 0xcd, 0xc3, 0xad, 0xcb, 0xcd, 0xd3, 0xee, 0xb3, 0x4c, 
	0x72, 0x27, 0x39, 0x04, 0x10, 0x61, 0x00, 0x00, 0x00, 0x00, 0x00, 0x00, 0x00, 0x00, 0x83, 0x66, 
	0xf6, 0x6b, 0xdd, 0xca, 0xdd, 0xca, 0xdd, 0xca, 0xdd, 0xca, 0xdd, 0xca, 0xdd, 0xca, 0xdd, 0xca, 
	0xee, 0x2b, 0xee, 0x2b, 0x7b, 0x46, 0x00, 0x00, 0x00, 0x00, 0x00, 0x00, 0x00, 0x00, 0x00, 0x00, 
	0x00, 0x00, 0x00, 0x00, 0x00, 0x00, 0x00, 0x00, 0x00, 0x00, 0x00, 0x00, 0x00, 0x00, 0x00, 0x00, 
	0x00, 0x00, 0x00, 0x00, 0x00, 0x00, 0x00, 0x00, 0x00, 0x00, 0x00, 0x00, 0x00, 0x00, 0x00, 0x00, 
	0x00, 0x00, 0x00, 0x00, 0x29, 0x42, 0xa4, 0x68, 0xee, 0x2b, 0xee, 0x2b, 0xdd, 0xeb, 0xdd, 0xeb, 
	0xe6, 0x2b, 0xf6, 0x6c, 0xdd, 0xeb, 0x10, 0x81, 0x00, 0x00, 0x00, 0x00, 0x32, 0x29, 0x96, 0x3a, 
	0x8d, 0xd8, 0x85, 0xd8, 0x85, 0xd8, 0x85, 0xd8, 0x85, 0xd8, 0x85, 0xd8, 0x8d, 0xf8, 0x7d, 0x56, 
	0x42, 0xcb, 0x00, 0x00, 0x00, 0x00, 0x00, 0x00, 0x00, 0x00, 0x00, 0x00, 0x00, 0x00, 0x00, 0x00, 
	0x00, 0x00, 0x00, 0x00, 0x00, 0x00, 0x00, 0x00, 0x00, 0x00, 0x00, 0x00, 0x00, 0x00, 0x00, 0x00, 
	0x00, 0x00, 0x00, 0x00, 0x00, 0x00, 0x00, 0x00, 0x00, 0x00, 0x00, 0x00, 0x00, 0x00, 0x00, 0x00, 
	0x00, 0x00, 0x00, 0x00, 0x00, 0x00, 0x3a, 0x6a, 0x7d, 0x56, 0x96, 0x5a, 0x8e, 0x19, 0x8d, 0xd8, 
	0x8d, 0xf8, 0x96, 0x39, 0x9e, 0xbc, 0x5c, 0x10, 0x00, 0x00, 0x08, 0x41, 0x8b, 0xb4, 0xb4, 0xb9, 
	0xa4, 0x57, 0xa4, 0x57, 0xa4, 0x57, 0xa4, 0x57, 0xa4, 0x57, 0xa4, 0x57, 0xac, 0x77, 0x9b, 0xf5, 
	0x41, 0xea, 0x00, 0x00, 0x00, 0x00, 0x00, 0x00, 0x00, 0x00, 0x00, 0x00, 0x00, 0x00, 0x00, 0x00, 
	0x00, 0x00, 0x00, 0x00, 0x00, 0x00, 0x00, 0x00, 0x00, 0x00, 0x00, 0x00, 0x00, 0x00, 0x00, 0x00, 
	0x00, 0x00, 0x00, 0x00, 0x00, 0x00, 0x00, 0x00, 0x00, 0x00, 0x00, 0x00, 0x00, 0x00, 0x00, 0x00, 
	0x00, 0x00, 0x00, 0x00, 0x08, 0x41, 0x5a, 0x6d, 0xa4, 0x57, 0xb4, 0xb9, 0xac, 0x77, 0xa4, 0x57, 
	0xac, 0x98, 0xb4, 0xb9, 0xbc, 0xda, 0x8b, 0x93, 0x00, 0x00, 0x00, 0x00, 0x41, 0x24, 0xcb, 0xad, 
	0xcb, 0xcd, 0xc3, 0xad, 0xc3, 0xad, 0xc3, 0xad, 0xc3, 0xad, 0xc3, 0xad, 0xc3, 0xad, 0xcb, 0xcd, 
	0xab, 0x2b, 0x28, 0xc2, 0x00, 0x00, 0x00, 0x00, 0x00, 0x00, 0x00, 0x00, 0x00, 0x00, 0x00, 0x00, 
	0x00, 0x00, 0x00, 0x00, 0x00, 0x00, 0x00, 0x00, 0x00, 0x00, 0x00, 0x00, 0x00, 0x00, 0x00, 0x00, 
	0x00, 0x00, 0x00, 0x00, 0x00, 0x00, 0x00, 0x00, 0x00, 0x00, 0x00, 0x00, 0x00, 0x00, 0x00, 0x00, 
	0x00, 0x00, 0x00, 0x00, 0x41, 0x24, 0xab, 0x2b, 0xdc, 0x0e, 0xcb, 0xcd, 0xc3, 0xad, 0xcb, 0xcd, 
	0xd3, 0xee, 0xd3, 0xee, 0xcb, 0xad, 0x28, 0xc3, 0x00, 0x00, 0x00, 0x00, 0x7b, 0x46, 0xf6, 0x6b, 
	0xdd, 0xca, 0xdd, 0xca, 0xdd, 0xca, 0xdd, 0xca, 0xdd, 0xca, 0xdd, 0xca, 0xdd, 0xca, 0xdd, 0xeb, 
	0xb4, 0xc9, 0x39, 0x82, 0x00, 0x00, 0x00, 0x00, 0x00, 0x00, 0x00, 0x00, 0x00, 0x00, 0x00, 0x00, 
	0x00, 0x00, 0x00, 0x00, 0x00, 0x00, 0x00, 0x00, 0x00, 0x00, 0x00, 0x00, 0x00, 0x00, 0x00, 0x00, 
	0x00, 0x00, 0x00, 0x00, 0x00, 0x00, 0x00, 0x00, 0x00, 0x00, 0x00, 0x00, 0x00, 0x00, 0x00, 0x00, 
	0x00, 0x00, 0x00, 0x00, 0x00, 0x00, 0x00, 0x00, 0x41, 0xc3, 0xa4, 0x48, 0xdd, 0xea, 0xee, 0x4b, 
	0xee, 0x2b, 0xee, 0x2b, 0xbc, 0xe9, 0x00, 0x00, 0x00, 0x00, 0x21, 0xa6, 0x8d, 0xf8, 0x8d, 0xf9, 
	0x85, 0xd8, 0x85, 0xd8, 0x85, 0xd8, 0x85, 0xd8, 0x85, 0xd8, 0x85, 0xd8, 0x8e, 0x39, 0x5c, 0x10, 
	0x00, 0x00, 0x00, 0x00, 0x00, 0x00, 0x00, 0x00, 0x00, 0x00, 0x00, 0x00, 0x00, 0x00, 0x00, 0x00, 
	0x00, 0x00, 0x00, 0x00, 0x00, 0x00, 0x00, 0x00, 0x00, 0x00, 0x00, 0x00, 0x00, 0x00, 0x00, 0x00, 
	0x00, 0x00, 0x00, 0x00, 0x00, 0x00, 0x00, 0x00, 0x00, 0x00, 0x00, 0x00, 0x00, 0x00, 0x00, 0x00, 
	0x00, 0x00, 0x00, 0x00, 0x00, 0x00, 0x00, 0x00, 0x08, 0x41, 0x3a, 0x8b, 0x74, 0xf4, 0x8e, 0x19, 
	0x96, 0x5a, 0x8e, 0x39, 0x96, 0x7b, 0x42, 0xec, 0x00, 0x00, 0x83, 0x93, 0xc5, 0x1b, 0xac, 0x78, 
	0xa4, 0x57, 0xa4, 0x57, 0xa4, 0x57, 0xa4, 0x57, 0xa4, 0x57, 0xa4, 0x57, 0xac, 0x78, 0x93, 0xd4, 
	0x08, 0x41, 0x00, 0x00, 0x00, 0x00, 0x00, 0x00, 0x00, 0x00, 0x00, 0x00, 0x00, 0x00, 0x00, 0x00, 
	0x00, 0x00, 0x00, 0x00, 0x00, 0x00, 0x00, 0x00, 0x00, 0x00, 0x00, 0x00, 0x00, 0x00, 0x00, 0x00, 
	0x00, 0x00, 0x00, 0x00, 0x00, 0x00, 0x00, 0x00, 0x00, 0x00, 0x00, 0x00, 0x00, 0x00, 0x00, 0x00, 
	0x00, 0x00, 0x00, 0x00, 0x00, 0x00, 0x00, 0x00, 0x18, 0xa3, 0x62, 0x8e, 0x9c, 0x36, 0xb4, 0xb9, 
	0xb4, 0xb9, 0xac, 0x78, 0xb4, 0xb9, 0x73, 0x10, 0x00, 0x00, 0x49, 0x64, 0xdc, 0x0e, 0xd3, 0xee, 
	0xcb, 0xad, 0xc3, 0xad, 0xc3, 0xad, 0xc3, 0xad, 0xc3, 0xad, 0xc3, 0xad, 0xc3, 0xad, 0xcb, 0xcd, 
	0xb3, 0x6c, 0x18, 0x61, 0x00, 0x00, 0x00, 0x00, 0x00, 0x00, 0x00, 0x00, 0x00, 0x00, 0x00, 0x00, 
	0x00, 0x00, 0x00, 0x00, 0x00, 0x00, 0x00, 0x00, 0x00, 0x00, 0x00, 0x00, 0x00, 0x00, 0x00, 0x00, 
	0x00, 0x00, 0x00, 0x00, 0x00, 0x00, 0x00, 0x00, 0x00, 0x00, 0x00, 0x00, 0x00, 0x00, 0x00, 0x00, 
	0x00, 0x00, 0x00, 0x00, 0x00, 0x00, 0x08, 0x20, 0x59, 0xa6, 0xab, 0x4b, 0xd3, 0xee, 0xd3, 0xee, 
	0xcb, 0xcd, 0xcb, 0xad, 0xc3, 0xad, 0x18, 0x82, 0x00, 0x00, 0x73, 0x05, 0xfe, 0xcc, 0xe5, 0xeb, 
	0xdd, 0xca, 0xdd, 0xca, 0xdd, 0xca, 0xdd, 0xca, 0xdd, 0xca, 0xdd, 0xca, 0xe6, 0x0b, 0xbd, 0x09, 
	0x08, 0x60, 0x00, 0x00, 0x00, 0x00, 0x00, 0x00, 0x00, 0x00, 0x00, 0x00, 0x00, 0x00, 0x00, 0x00, 
	0x00, 0x00, 0x00, 0x00, 0x00, 0x00, 0x00, 0x00, 0x00, 0x00, 0x00, 0x00, 0x00, 0x00, 0x00, 0x00, 
	0x00, 0x00, 0x00, 0x00, 0x00, 0x00, 0x00, 0x00, 0x00, 0x00, 0x00, 0x00, 0x00, 0x00, 0x00, 0x00, 
	0x00, 0x00, 0x00, 0x00, 0x00, 0x00, 0x00, 0x00, 0x00, 0x00, 0x00, 0x00, 0x20, 0xe1, 0x6a, 0xc5, 
	0xa4, 0x48, 0xdd, 0xaa, 0xa4, 0x48, 0x00, 0x00, 0x00, 0x00, 0x74, 0xd4, 0x9e, 0x9b, 0x96, 0x5a, 
	0x96, 0x5a, 0x96, 0x3a, 0x8e, 0x19, 0x8d, 0xf9, 0x8d, 0xd8, 0x85, 0xd8, 0x85, 0xd8, 0x96, 0x3a, 
	0x4b, 0x4d, 0x00, 0x00, 0x00, 0x00, 0x00, 0x00, 0x00, 0x00, 0x00, 0x00, 0x00, 0x00, 0x00, 0x00, 
	0x00, 0x00, 0x00, 0x00, 0x00, 0x00, 0x00, 0x00, 0x00, 0x00, 0x00, 0x00, 0x00, 0x00, 0x00, 0x00, 
	0x00, 0x00, 0x00, 0x00, 0x00, 0x00, 0x00, 0x00, 0x00, 0x00, 0x00, 0x00, 0x00, 0x00, 0x00, 0x00, 
	0x00, 0x00, 0x00, 0x00, 0x00, 0x00, 0x00, 0x00, 0x00, 0x00, 0x00, 0x00, 0x00, 0x00, 0x19, 0x45, 
	0x43, 0x0c, 0x64, 0x72, 0x85, 0xb7, 0x32, 0x29, 0x00, 0x00, 0x41, 0xc9, 0x7b, 0x31, 0x9b, 0xf5, 
	0xac, 0x98, 0xb4, 0xb9, 0xb4, 0x98, 0xac, 0x78, 0xa4, 0x57, 0xa4, 0x57, 0xa4, 0x57, 0xb4, 0xb9, 
	0x72, 0xf0, 0x00, 0x00, 0x00, 0x00, 0x00, 0x00, 0x00, 0x00, 0x00, 0x00, 0x00, 0x00, 0x00, 0x00, 
	0x00, 0x00, 0x00, 0x00, 0x00, 0x00, 0x00, 0x00, 0x00, 0x00, 0x00, 0x00, 0x00, 0x00, 0x00, 0x00, 
	0x00, 0x00, 0x00, 0x00, 0x00, 0x00, 0x00, 0x00, 0x00, 0x00, 0x00, 0x00, 0x00, 0x00, 0x00, 0x00, 
	0x00, 0x00, 0x00, 0x00, 0x00, 0x00, 0x00, 0x00, 0x00, 0x00, 0x00, 0x00, 0x08, 0x62, 0x41, 0xa9, 
	0x73, 0x10, 0x93, 0xd5, 0xb4, 0xd9, 0x62, 0x8e, 0x00, 0x00, 0x49, 0x65, 0xab, 0x2b, 0xb3, 0x4c, 
	0xc3, 0xad, 0xd3, 0xee, 0xd3, 0xee, 0xd3, 0xee, 0xd3, 0xee, 0xcb, 0xcd, 0xcb, 0xad, 0xc3, 0xad, 
	0xd3, 0xee, 0xb3, 0x2b, 0x10, 0x41, 0x00, 0x00, 0x00, 0x00, 0x00, 0x00, 0x00, 0x00, 0x00, 0x00, 
	0x00, 0x00, 0x00, 0x00, 0x00, 0x00, 0x00, 0x00, 0x00, 0x00, 0x00, 0x00, 0x00, 0x00, 0x00, 0x00, 
	0x00, 0x00, 0x00, 0x00, 0x00, 0x00, 0x00, 0x00, 0x00, 0x00, 0x00, 0x00, 0x00, 0x00, 0x00, 0x00, 
	0x00, 0x00, 0x00, 0x00, 0x00, 0x00, 0x00, 0x00, 0x00, 0x00, 0x00, 0x20, 0x41, 0x24, 0x82, 0x69, 
	0xb3, 0x4c, 0xd3, 0xee, 0xc3, 0x8c, 0x08, 0x20, 0x00, 0x00, 0x5a, 0x44, 0xb4, 0xc8, 0xd5, 0x8a, 
	0xee, 0x2b, 0xee, 0x4b, 0xee, 0x2b, 0xe5, 0xeb, 0xdd, 0xca, 0xdd, 0xca, 0xdd, 0xca, 0xee, 0x2b, 
	0x7b, 0x46, 0x00, 0x00, 0x00, 0x00, 0x00, 0x00, 0x00, 0x00, 0x00, 0x00, 0x00, 0x00, 0x00, 0x00, 
	0x00, 0x00, 0x00, 0x00, 0x00, 0x00, 0x00, 0x00, 0x00, 0x00, 0x00, 0x00, 0x00, 0x00, 0x00, 0x00, 
	0x00, 0x00, 0x00, 0x00, 0x00, 0x00, 0x00, 0x00, 0x00, 0x00, 0x00, 0x00, 0x00, 0x00, 0x00, 0x00, 
	0x00, 0x00, 0x00, 0x00, 0x00, 0x00, 0x00, 0x00, 0x00, 0x00, 0x00, 0x00, 0x00, 0x00, 0x00, 0x00, 
	0x00, 0x00, 0x08, 0x60, 0x10, 0x81, 0x00, 0x00, 0x00, 0x00, 0x10, 0xe3, 0x29, 0xe8, 0x3a, 0xab, 
	0x53, 0x6e, 0x64, 0x31, 0x6c, 0xd4, 0x7d, 0x76, 0x8d, 0xd8, 0x8e, 0x19, 0x96, 0x3a, 0x96, 0x5a, 
	0x9e, 0xdc, 0x42, 0xec, 0x00, 0x00, 0x00, 0x00, 0x00, 0x00, 0x00, 0x00, 0x00, 0x00, 0x00, 0x00, 
	0x00, 0x00, 0x00, 0x00, 0x00, 0x00, 0x00, 0x00, 0x00, 0x00, 0x00, 0x00, 0x00, 0x00, 0x00, 0x00, 
	0x00, 0x00, 0x00, 0x00, 0x00, 0x00, 0x00, 0x00, 0x00, 0x00, 0x00, 0x00, 0x00, 0x00, 0x00, 0x00, 
	0x00, 0x00, 0x00, 0x00, 0x00, 0x00, 0x00, 0x00, 0x00, 0x00, 0x00, 0x00, 0x00, 0x00, 0x00, 0x00, 
	0x00, 0x00, 0x00, 0x00, 0x08, 0x41, 0x00, 0x21, 0x00, 0x00, 0x00, 0x00, 0x00, 0x00, 0x08, 0x21, 
	0x21, 0x05, 0x4a, 0x0b, 0x73, 0x10, 0x9b, 0xf5, 0xac, 0x98, 0xb4, 0xb9, 0xb4, 0x98, 0xac, 0x78, 
	0xb4, 0xb9, 0x41, 0xc9, 0x00, 0x00, 0x00, 0x00, 0x00, 0x00, 0x00, 0x00, 0x00, 0x00, 0x00, 0x00, 
	0x00, 0x00, 0x00, 0x00, 0x00, 0x00, 0x00, 0x00, 0x00, 0x00, 0x00, 0x00, 0x00, 0x00, 0x00, 0x00, 
	0x00, 0x00, 0x00, 0x00, 0x00, 0x00, 0x00, 0x00, 0x00, 0x00, 0x00, 0x00, 0x00, 0x00, 0x00, 0x00, 
	0x00, 0x00, 0x00, 0x00, 0x00, 0x00, 0x00, 0x00, 0x00, 0x00, 0x00, 0x00, 0x00, 0x00, 0x00, 0x00, 
	0x00, 0x00, 0x00, 0x21, 0x20, 0xe4, 0x10, 0x83, 0x00, 0x00, 0x00, 0x00, 0x00, 0x00, 0x08, 0x20, 
	0x20, 0x82, 0x39, 0x04, 0x59, 0xa6, 0x7a, 0x28, 0x92, 0xc9, 0xab, 0x2b, 0xbb, 0x8d, 0xcb, 0xcd, 
	0xd3, 0xee, 0xec, 0x4f, 0xa2, 0xea, 0x00, 0x00, 0x00, 0x00, 0x00, 0x00, 0x00, 0x00, 0x00, 0x00, 
	0x00, 0x00, 0x00, 0x00, 0x00, 0x00, 0x00, 0x00, 0x00, 0x00, 0x00, 0x00, 0x00, 0x00, 0x00, 0x00, 
	0x00, 0x00, 0x00, 0x00, 0x00, 0x00, 0x00, 0x00, 0x00, 0x00, 0x00, 0x00, 0x00, 0x00, 0x00, 0x00, 
	0x00, 0x00, 0x00, 0x00, 0x00, 0x00, 0x00, 0x00, 0x00, 0x00, 0x00, 0x00, 0x00, 0x00, 0x00, 0x00, 
	0x08, 0x20, 0x30, 0xe3, 0x41, 0x24, 0x00, 0x00, 0x00, 0x00, 0x00, 0x00, 0x00, 0x00, 0x10, 0x81, 
	0x39, 0xa3, 0x73, 0x05, 0xa4, 0x68, 0xcd, 0x69, 0xe6, 0x2b, 0xee, 0x4b, 0xee, 0x2b, 0xe6, 0x0b, 
	0xee, 0x4b, 0x52, 0x44, 0x00, 0x00, 0x00, 0x00, 0x00, 0x00, 0x00, 0x00, 0x00, 0x00, 0x00, 0x00, 
	0x00, 0x00, 0x00, 0x00, 0x00, 0x00, 0x00, 0x00, 0x00, 0x00, 0x00, 0x00, 0x00, 0x00, 0x00, 0x00, 
	0x00, 0x00, 0x00, 0x00, 0x00, 0x00, 0x00, 0x00, 0x00, 0x00, 0x00, 0x00, 0x00, 0x00, 0x00, 0x00, 
	0x00, 0x00, 0x00, 0x00, 0x00, 0x00, 0x00, 0x00, 0x00, 0x00, 0x00, 0x00, 0x00, 0x00, 0x00, 0x00, 
	0x00, 0x00, 0x00, 0x00, 0x00, 0x00, 0x00, 0x00, 0x00, 0x00, 0x00, 0x00, 0x00, 0x00, 0x00, 0x00, 
	0x00, 0x00, 0x00, 0x00, 0x00, 0x00, 0x08, 0x61, 0x10, 0xe4, 0x21, 0xa6, 0x32, 0x6a, 0x4b, 0x2d, 
	0x64, 0x51, 0x42, 0xec, 0x00, 0x00, 0x00, 0x00, 0x00, 0x00, 0x00, 0x00, 0x00, 0x00, 0x00, 0x00, 
	0x00, 0x00, 0x00, 0x00, 0x00, 0x00, 0x00, 0x00, 0x00, 0x00, 0x00, 0x00, 0x00, 0x00, 0x00, 0x00, 
	0x00, 0x00, 0x00, 0x00, 0x00, 0x00, 0x00, 0x00, 0x00, 0x00, 0x00, 0x00, 0x00, 0x00, 0x00, 0x00, 
	0x00, 0x00, 0x00, 0x00, 0x00, 0x00, 0x00, 0x00, 0x00, 0x00, 0x00, 0x00, 0x00, 0x00, 0x00, 0x00, 
	0x00, 0x00, 0x00, 0x00, 0x00, 0x00, 0x00, 0x00, 0x00, 0x00, 0x00, 0x00, 0x00, 0x00, 0x00, 0x00, 
	0x00, 0x00, 0x00, 0x00, 0x00, 0x00, 0x08, 0x21, 0x21, 0x05, 0x4a, 0x0b, 0x73, 0x10, 0x9b, 0xf5, 
	0xb4, 0xb9, 0xac, 0x77, 0x08, 0x41, 0x00, 0x00, 0x00, 0x00, 0x00, 0x00, 0x00, 0x00, 0x00, 0x00, 
	0x00, 0x00, 0x00, 0x00, 0x00, 0x00, 0x00, 0x00, 0x00, 0x00, 0x00, 0x00, 0x00, 0x00, 0x00, 0x00, 
	0x00, 0x00, 0x00, 0x00, 0x00, 0x00, 0x00, 0x00, 0x00, 0x00, 0x00, 0x00, 0x00, 0x00, 0x00, 0x00, 
	0x00, 0x00, 0x00, 0x00, 0x00, 0x00, 0x00, 0x00, 0x00, 0x00, 0x00, 0x00, 0x00, 0x00, 0x00, 0x00, 
	0x00, 0x00, 0x00, 0x00, 0x00, 0x00, 0x00, 0x00, 0x00, 0x00, 0x00, 0x00, 0x00, 0x00, 0x00, 0x00, 
	0x00, 0x00, 0x00, 0x00, 0x00, 0x00, 0x00, 0x00, 0x00, 0x00, 0x00, 0x00, 0x18, 0x61, 0x30, 0xe3, 
	0x51, 0x65, 0x72, 0x27, 0x72, 0x27, 0x00, 0x00, 0x00, 0x00, 0x00, 0x00, 0x00, 0x00, 0x00, 0x00, 
	0x00, 0x00, 0x00, 0x00, 0x00, 0x00, 0x00, 0x00, 0x00, 0x00, 0x00, 0x00, 0x00, 0x00, 0x00, 0x00, 
	0x00, 0x00, 0x00, 0x00, 0x00, 0x00, 0x00, 0x00, 0x00, 0x00, 0x00, 0x00, 0x00, 0x00, 0x00, 0x00, 
	0x00, 0x00, 0x00, 0x00, 0x00, 0x00, 0x00, 0x00, 0x00, 0x00, 0x00, 0x00, 0x00, 0x00, 0x00, 0x00, 
	0x00, 0x00, 0x00, 0x00, 0x00, 0x00, 0x00, 0x00, 0x00, 0x00, 0x00, 0x00, 0x00, 0x00, 0x00, 0x00, 
	0x00, 0x00, 0x00, 0x00, 0x00, 0x00, 0x08, 0x60, 0x39, 0x82, 0x6a, 0xc5, 0x9c, 0x27, 0xcd, 0x4a, 
	0xee, 0x4b, 0xee, 0x2b, 0x18, 0xa1, 0x00, 0x00, 0x00, 0x00, 0x00, 0x00, 0x00, 0x00, 0x00, 0x00, 
	0x00, 0x00, 0x00, 0x00, 0x00, 0x00, 0x00, 0x00, 0x00, 0x00, 0x00, 0x00, 0x00, 0x00, 0x00, 0x00, 
	0x00, 0x00, 0x00, 0x00, 0x00, 0x00, 0x00, 0x00, 0x00, 0x00, 0x00, 0x00, 0x00, 0x00, 0x00, 0x00, 
	0x00, 0x00, 0x00, 0x00, 0x00, 0x00, 0x00, 0x00, 0x00, 0x00, 0x00, 0x00, 0x00, 0x00, 0x00, 0x00, 
	0x00, 0x00, 0x00, 0x00, 0x00, 0x00, 0x00, 0x00, 0x00, 0x00, 0x00, 0x00, 0x00, 0x00, 0x00, 0x00, 
	0x00, 0x00, 0x00, 0x00, 0x00, 0x00, 0x00, 0x00, 0x00, 0x00, 0x00, 0x00, 0x00, 0x00, 0x00, 0x00, 
	0x00, 0x00, 0x00, 0x00, 0x00, 0x00, 0x00, 0x00, 0x00, 0x00, 0x00, 0x00, 0x00, 0x00, 0x00, 0x00, 
	0x00, 0x00, 0x00, 0x00, 0x00, 0x00, 0x00, 0x00, 0x00, 0x00, 0x00, 0x00, 0x00, 0x00, 0x00, 0x00, 
	0x00, 0x00, 0x00, 0x00, 0x00, 0x00, 0x00, 0x00, 0x00, 0x00, 0x00, 0x00, 0x00, 0x00, 0x00, 0x00, 
	0x00, 0x00, 0x00, 0x00, 0x00, 0x00, 0x00, 0x00, 0x00, 0x00, 0x00, 0x00, 0x00, 0x00, 0x00, 0x00, 
	0x00, 0x00, 0x00, 0x00, 0x00, 0x00, 0x00, 0x00, 0x00, 0x00, 0x00, 0x00, 0x00, 0x00, 0x00, 0x00, 
	0x00, 0x00, 0x00, 0x00, 0x00, 0x00, 0x00, 0x00, 0x00, 0x00, 0x00, 0x00, 0x00, 0x00, 0x00, 0x20, 
	0x20, 0xc4, 0x31, 0x47, 0x00, 0x20, 0x00, 0x00, 0x00, 0x00, 0x00, 0x00, 0x00, 0x00, 0x00, 0x00, 
	0x00, 0x00, 0x00, 0x00, 0x00, 0x00, 0x00, 0x00, 0x00, 0x00, 0x00, 0x00, 0x00, 0x00, 0x00, 0x00, 
	0x00, 0x00, 0x00, 0x00, 0x00, 0x00, 0x00, 0x00, 0x00, 0x00, 0x00, 0x00, 0x00, 0x00, 0x00, 0x00, 
	0x00, 0x00, 0x00, 0x00, 0x00, 0x00, 0x00, 0x00, 0x00, 0x00, 0x00, 0x00, 0x00, 0x00, 0x00, 0x00, 
	0x00, 0x00, 0x00, 0x00, 0x00, 0x00, 0x00, 0x00, 0x00, 0x00, 0x00, 0x00, 0x00, 0x00, 0x00, 0x00, 
	0x00, 0x00, 0x00, 0x00, 0x00, 0x00, 0x00, 0x00, 0x00, 0x00, 0x00, 0x00, 0x00, 0x00, 0x00, 0x00, 
	0x00, 0x00, 0x00, 0x00, 0x00, 0x00, 0x00, 0x00, 0x00, 0x00, 0x00, 0x00, 0x00, 0x00, 0x00, 0x00, 
	0x00, 0x00, 0x00, 0x00, 0x00, 0x00, 0x00, 0x00, 0x00, 0x00, 0x00, 0x00, 0x00, 0x00, 0x00, 0x00, 
	0x00, 0x00, 0x00, 0x00, 0x00, 0x00, 0x00, 0x00, 0x00, 0x00, 0x00, 0x00, 0x00, 0x00, 0x00, 0x00, 
	0x00, 0x00, 0x00, 0x00, 0x00, 0x00, 0x00, 0x00, 0x00, 0x00, 0x00, 0x00, 0x00, 0x00, 0x00, 0x00, 
	0x00, 0x00, 0x00, 0x00, 0x00, 0x00, 0x00, 0x00, 0x00, 0x00, 0x00, 0x00, 0x00, 0x00, 0x00, 0x00, 
	0x00, 0x00, 0x00, 0x00, 0x00, 0x00, 0x00, 0x00, 0x00, 0x00, 0x00, 0x00, 0x00, 0x00, 0x00, 0x20, 
	0x29, 0x02, 0x41, 0xe3, 0x08, 0x40, 0x00, 0x00, 0x00, 0x00, 0x00, 0x00, 0x00, 0x00, 0x00, 0x00, 
	0x00, 0x00, 0x00, 0x00, 0x00, 0x00, 0x00, 0x00, 0x00, 0x00, 0x00, 0x00, };